"","state","index","Restricting Student & Educator Rights","NA","Free Speech & Expression Bans","Other Anti-LGBTQ Bills","School Sports Bans","Curriculum Censorship","Other School Restrictions","School Facilities Bans","Weakening Civil Rights Laws","Healthcare Restrictions","Public Accommodation Bans","Barriers To Accurate IDs","Forced Outing In Schools","Healthcare Age Restrictions","Religious Exemptions","Other Civil Rights Restrictions","Drag Bans","Healthcare Funding Restrictions","Other Healthcare Barriers","bill","status","status_details_1","date","status_details_2","status_details_3","state_code","region","division"
"1","Alabama",3,1,0,1,0,0,0,0,0,0,0,0,0,0,0,0,0,0,0,0,"HB 401","Advancing","First read and referred to committee",2023-04-27,NA,NA,"AL","South","East South Central"
"2","Alabama",5,0,1,0,1,0,0,0,0,0,0,0,0,0,0,0,0,0,0,0,"HB 405","Advancing","Indefinitely postponed",2023-05-31,NA,NA,"AL","South","East South Central"
"3","Alabama",7,1,1,0,0,0,0,0,0,0,0,0,0,0,0,0,0,0,0,0,"HB 354","Advancing","First read and referred to committee",2023-04-20,NA,NA,"AL","South","East South Central"
"4","Alabama",11,0,1,0,1,0,0,0,0,0,0,0,0,0,0,0,0,0,0,0,"SB 261","Passed into Law","Governor signed",2023-06-06,NA,NA,"AL","South","East South Central"
"5","Alabama",9,1,1,0,0,0,0,0,0,0,0,0,0,0,0,0,0,0,0,0,"SB 211","Advancing","First read and referred to committee",2023-04-18,NA,NA,"AL","South","East South Central"
"6","Alabama",1,1,1,0,0,0,0,0,0,0,0,0,0,0,0,0,0,0,0,0,"HB 261","Passed into Law","Governor signed",2023-05-30,NA,NA,"AL","South","East South Central"
"7","Alaska",13,0,1,0,0,1,0,0,0,0,0,0,0,0,0,0,0,0,0,0,"HB 183","Advancing","First read and referred to committee",2023-06-28,NA,NA,"AK","West","Pacific"
"8","Alaska",15,0,0,0,0,0,1,1,1,0,0,0,0,0,0,0,0,0,0,0,"HB 105","Introduced","Carried over",2024-01-16,NA,NA,"AK","West","Pacific"
"9","Alaska",23,0,1,0,0,1,0,0,0,0,0,0,0,0,0,0,0,0,0,0,"HB 27","Introduced","Carried over",2024-01-16,NA,NA,"AK","West","Pacific"
"10","Alaska",18,0,1,0,1,0,0,0,0,0,0,0,0,0,0,0,0,0,0,0,"HB 174","Advancing","First read and referred to committee",2023-05-18,NA,NA,"AK","West","Pacific"
"11","Alaska",20,0,0,0,0,0,1,1,1,0,0,0,0,0,0,0,0,0,0,0,"SB 96","Advancing","First read and referred to committee",2023-03-08,NA,NA,"AK","West","Pacific"
"12","Arizona",25,0,1,1,0,0,0,0,0,0,0,0,0,0,0,0,0,0,0,0,"SB 1028","Defeated","Governor vetoed",2023-06-16,NA,NA,"AZ","West","Mountain"
"13","Arizona",31,0,1,1,0,0,0,0,0,0,0,0,0,0,0,0,0,0,0,0,"SB 1030","Defeated","Governor vetoed",2023-06-16,NA,NA,"AZ","West","Mountain"
"14","Arizona",33,1,1,0,0,0,0,0,0,0,0,0,0,0,0,0,0,0,0,0,"SB 1040","Defeated","Governor vetoed",2023-06-08,NA,NA,"AZ","West","Mountain"
"15","Arizona",35,0,1,0,0,0,0,0,0,0,1,0,0,0,0,0,0,0,0,0,"SB 1702","Defeated","Dead",2023-07-31,NA,NA,"AZ","West","Mountain"
"16","Arizona",37,1,1,0,0,0,0,0,0,0,0,0,0,0,0,0,0,0,0,0,"SB 1700","Defeated","Dead",2023-07-31,NA,NA,"AZ","West","Mountain"
"17","Arizona",39,0,1,1,0,0,0,0,0,0,0,0,0,0,0,0,0,0,0,0,"SB 1698","Defeated","Governor vetoed",2023-06-16,NA,NA,"AZ","West","Mountain"
"18","Arizona",41,0,1,0,1,0,0,0,0,0,0,0,0,0,0,0,0,0,0,0,"SB 1417","Defeated","Dead",2023-07-31,NA,NA,"AZ","West","Mountain"
"19","Arizona",43,0,1,0,1,0,0,0,0,0,0,0,0,0,0,0,0,0,0,0,"SB 1694","Defeated","Dead",2023-07-31,NA,NA,"AZ","West","Mountain"
"20","Arizona",45,1,1,0,0,0,0,0,0,0,0,0,0,0,0,0,0,0,0,0,"HB 2711","Defeated","Dead",2023-07-31,NA,NA,"AZ","West","Mountain"
"21","Arizona",29,1,0,0,0,0,0,0,0,1,0,0,0,0,0,0,0,0,0,0,"SB 1001","Defeated","Governor vetoed",2023-05-19,NA,NA,"AZ","West","Mountain"
"22","Arizona",27,0,1,1,0,0,0,0,0,0,0,0,0,0,0,0,0,0,0,0,"SB 1026","Defeated","Governor vetoed",2023-06-16,NA,NA,"AZ","West","Mountain"
"23","Arkansas",49,0,1,1,0,0,0,0,0,0,0,0,0,0,0,0,0,0,0,0,"SB 43","Passed into Law","Became act",2023-02-27,NA,NA,"AR","South","West South Central"
"24","Arkansas",51,1,1,0,0,0,0,0,0,0,0,0,0,0,0,0,0,0,0,0,"SB 125","Passed into Law","Became law",2023-04-11,NA,NA,"AR","South","West South Central"
"25","Arkansas",47,1,1,0,0,0,0,0,0,0,0,0,0,0,0,0,0,0,0,0,"HB 1156","Passed into Law","Enacted",2023-03-21,NA,NA,"AR","South","West South Central"
"26","Arkansas",57,1,1,0,0,0,0,0,0,0,0,0,0,0,0,0,0,0,0,0,"HB 1468","Passed into Law","Became law",2023-04-11,NA,NA,"AR","South","West South Central"
"27","Arkansas",59,1,1,0,0,0,0,0,0,0,0,0,0,0,0,0,0,0,0,0,"SB 294","Passed into Law","Became act without Governor's signature",2023-03-14,NA,NA,"AR","South","West South Central"
"28","Arkansas",61,0,1,0,0,0,0,0,0,1,0,0,0,0,0,0,0,0,0,0,"HB 1615","Passed into Law","Became act",2023-04-12,NA,NA,"AR","South","West South Central"
"29","Arkansas",63,1,1,0,0,0,0,0,0,0,0,0,0,0,0,0,0,0,0,0,"HB 1738","Defeated","Dead",2023-05-01,NA,NA,"AR","South","West South Central"
"30","Arkansas",53,0,1,0,0,0,0,0,0,0,1,0,0,0,0,0,0,0,0,0,"SB 199","Passed into Law","Became act without Governor’s signature",2023-03-16,NA,NA,"AR","South","West South Central"
"31","Arkansas",55,0,0,0,1,0,0,0,0,0,0,1,0,0,0,0,0,0,0,0,"SB 270","Passed into Law","Became act",2023-04-11,NA,NA,"AR","South","West South Central"
"32","California",65,1,1,0,0,0,0,0,0,0,0,0,0,0,0,0,0,0,0,0,"AB 1314","Defeated","Held in Education Committee",2023-04-10,NA,NA,"CA","West","Pacific"
"33","Colorado",67,1,1,0,0,0,0,0,0,0,0,0,0,0,0,0,0,0,0,0,"HB 23-1098","Defeated","Postponed indefinitely by committee",2023-02-13,NA,NA,"CO","West","Mountain"
"34","Connecticut",69,1,1,0,0,0,0,0,0,0,0,0,0,0,0,0,0,0,0,0,"HB 6213","Advancing","Referred to committee",2023-01-19,NA,NA,"CT","Northeast","New England"
"35","Connecticut",71,1,1,0,0,0,0,0,0,0,0,0,0,0,0,0,0,0,0,0,"SB 468","Defeated","Dead",2023-06-07,NA,NA,"CT","Northeast","New England"
"36","Delaware",NA,NA,NA,NA,NA,NA,NA,NA,NA,NA,NA,NA,NA,NA,NA,NA,NA,NA,NA,NA,NA,NA,NA,NA,NA,NA,"DE","South","South Atlantic"
"37","District of Columbia",NA,NA,NA,NA,NA,NA,NA,NA,NA,NA,NA,NA,NA,NA,NA,NA,NA,NA,NA,NA,NA,NA,NA,NA,NA,NA,"DC","South","South Atlantic"
"38","Florida",77,1,1,0,0,0,0,0,0,0,0,0,0,0,0,0,0,0,0,0,"HB 1223","Advancing","Died in committee",2023-05-05,NA,NA,"FL","South","South Atlantic"
"39","Florida",79,1,1,0,0,0,0,0,0,0,0,0,0,0,0,0,0,0,0,0,"SB 1320","Defeated","Dead",2023-05-05,NA,NA,"FL","South","South Atlantic"
"40","Florida",73,0,1,0,1,0,0,0,0,0,0,0,0,0,0,0,0,0,0,0,"HB 991","Advancing","Died in committee",2023-05-05,NA,NA,"FL","South","South Atlantic"
"41","Florida",75,1,1,0,0,0,0,0,0,0,0,0,0,0,0,0,0,0,0,0,"HB 1069","Passed into Law","Governor signed",2023-05-17,NA,NA,"FL","South","South Atlantic"
"42","Florida",85,0,1,0,1,0,0,0,0,0,1,0,0,0,0,0,0,0,0,0,"SB 254","Passed into Law","Governor signed",2023-05-17,"View case info"," IN COURT","FL","South","South Atlantic"
"43","Florida",89,0,0,0,0,0,0,0,0,1,1,0,1,0,0,0,0,0,0,0,"HB 1421","Defeated","Dead",2023-05-05,NA,NA,"FL","South","South Atlantic"
"44","Florida",92,1,0,0,1,0,0,0,0,0,0,1,0,0,0,0,0,0,0,0,"SB 1674","Defeated","Dead",2023-05-05,NA,NA,"FL","South","South Atlantic"
"45","Florida",95,0,0,0,1,0,0,0,0,0,0,1,0,0,0,0,0,0,0,0,"HB 1521","Passed into Law","Governor signed",2023-05-17,NA,NA,"FL","South","South Atlantic"
"46","Florida",83,1,0,1,0,0,0,0,0,0,0,0,0,0,0,0,0,0,0,0,"SB 266","Passed into Law","Governor signed",2023-05-15,NA,NA,"FL","South","South Atlantic"
"47","Florida",81,1,0,1,0,0,0,0,0,0,0,0,0,0,0,0,0,0,0,0,"HB 999","Defeated","Dead",2023-05-05,NA,NA,"FL","South","South Atlantic"
"48","Georgia",101,0,0,0,0,0,0,0,0,0,0,0,0,1,1,0,0,0,0,0,"HB 653","Advancing","House second read",2023-03-06,NA,NA,"GA","South","South Atlantic"
"49","Georgia",103,0,1,0,0,0,0,0,0,0,0,0,0,0,0,1,0,0,0,0,"SB 180","Advancing","First read and referred to committee",2023-02-15,NA,NA,"GA","South","South Atlantic"
"50","Georgia",97,0,1,0,0,0,0,0,0,0,1,0,0,0,0,0,0,0,0,0,"SB 140","Passed into Law","Governor signed",2023-03-23,"View case info"," IN COURT","GA","South","South Atlantic"
"51","Georgia",105,0,0,0,0,0,0,0,0,0,0,0,0,1,1,0,0,0,0,0,"SB 141","Advancing","First read and referred to committee",2023-02-13,NA,NA,"GA","South","South Atlantic"
"52","Georgia",107,0,0,0,0,0,1,1,0,0,0,0,0,0,0,0,0,0,0,0,"SB 88","Advancing","Senate read and referred",2023-02-06,NA,NA,"GA","South","South Atlantic"
"53","Hawaii",109,0,1,0,0,0,0,0,0,0,0,0,0,0,1,0,0,0,0,0,"HB 891","Introduced","Carried over",2024-01-17,NA,NA,"HI","West","Pacific"
"54","Hawaii",111,0,0,0,0,0,1,0,0,0,0,0,0,1,0,0,0,0,0,0,"SB 1428","Introduced","Carried over",2024-01-17,NA,NA,"HI","West","Pacific"
"55","Hawaii",117,0,1,0,0,1,0,0,0,0,0,0,0,0,0,0,0,0,0,0,"HB 508","Introduced","Carried over",2024-01-17,NA,NA,"HI","West","Pacific"
"56","Hawaii",113,0,1,0,0,1,0,0,0,0,0,0,0,0,0,0,0,0,0,0,"SB 1429","Introduced","Carried over",2024-01-17,NA,NA,"HI","West","Pacific"
"57","Hawaii",115,0,1,0,0,0,1,0,0,0,0,0,0,0,0,0,0,0,0,0,"HB 509","Introduced","Carried over",2024-01-17,NA,NA,"HI","West","Pacific"
"58","Idaho",119,0,1,0,1,0,0,0,0,0,0,0,0,0,0,0,0,0,0,0,"S 1003","Defeated","Dead",2023-04-06,NA,NA,"ID","West","Mountain"
"59","Idaho",121,0,1,0,0,0,0,0,0,0,0,1,0,0,0,0,0,0,0,0,"SB 1016","Passed into Law","Governor signed",2023-03-27,NA,NA,"ID","West","Mountain"
"60","Idaho",131,0,1,0,0,0,0,0,0,1,0,0,0,0,0,0,0,0,0,0,"HB 63","Defeated","Dead",2023-04-06,NA,NA,"ID","West","Mountain"
"61","Idaho",133,1,1,0,0,0,0,0,0,0,0,0,0,0,0,0,0,0,0,0,"SB 1071","Defeated","Dead",2023-04-06,NA,NA,"ID","West","Mountain"
"62","Idaho",123,0,1,0,0,0,0,0,0,0,1,0,0,0,0,0,0,0,0,0,"HB 71","Passed into Law","Governor signed",2023-04-04,"View case info"," IN COURT","ID","West","Mountain"
"63","Idaho",127,1,1,0,0,0,0,0,0,0,0,0,0,0,0,0,0,0,0,0,"SB 1100","Passed into Law","Governor signed",2023-03-23,"View case info"," IN COURT","ID","West","Mountain"
"64","Idaho",135,0,1,1,0,0,0,0,0,0,0,0,0,0,0,0,0,0,0,0,"HB 265","Defeated","Dead",2023-04-06,NA,NA,"ID","West","Mountain"
"65","Idaho",137,0,1,0,0,0,0,0,0,1,0,0,0,0,0,0,0,0,0,0,"HB 308","Advancing","Dead",2023-04-06,NA,NA,"ID","West","Mountain"
"66","Illinois",NA,NA,NA,NA,NA,NA,NA,NA,NA,NA,NA,NA,NA,NA,NA,NA,NA,NA,NA,NA,NA,NA,NA,NA,NA,NA,"IL","Midwest","East North Central"
"67","Indiana",139,0,1,0,0,0,0,0,0,0,1,0,0,0,0,0,0,0,0,0,"HB 1118","Defeated","Dead",2023-04-28,NA,NA,"IN","Midwest","East North Central"
"68","Indiana",141,0,1,0,0,0,0,0,0,0,1,0,0,0,0,0,0,0,0,0,"HB 1220","Defeated","Dead",2023-04-28,NA,NA,"IN","Midwest","East North Central"
"69","Indiana",147,1,1,0,0,0,0,0,0,0,0,0,0,0,0,0,0,0,0,0,"SB 354","Defeated","Dead",2023-04-28,NA,NA,"IN","Midwest","East North Central"
"70","Indiana",149,0,1,0,0,0,0,0,0,0,0,0,1,0,0,0,0,0,0,0,"SB 351","Defeated","Dead",2023-04-28,NA,NA,"IN","Midwest","East North Central"
"71","Indiana",151,0,1,0,0,0,0,0,0,0,1,0,0,0,0,0,0,0,0,0,"HB 1525","Defeated","Dead",2023-04-28,NA,NA,"IN","Midwest","East North Central"
"72","Indiana",153,0,1,0,0,0,0,0,0,0,1,0,0,0,0,0,0,0,0,0,"SB 480","Passed into Law","Governor signed",2023-04-05,"View case info"," IN COURT","IN","Midwest","East North Central"
"73","Indiana",157,0,1,0,0,0,0,0,0,0,1,0,0,0,0,0,0,0,0,0,"HB 1407","Defeated","Dead",2023-04-28,NA,NA,"IN","Midwest","East North Central"
"74","Indiana",159,0,1,0,0,0,0,0,0,0,1,0,0,0,0,0,0,0,0,0,"HB 1569","Passed into Law","Governor signed",2023-04-20,NA,NA,"IN","Midwest","East North Central"
"75","Indiana",161,0,1,0,0,0,0,0,0,0,1,0,0,0,0,0,0,0,0,0,"HB 1589","Defeated","Dead",2023-04-28,NA,NA,"IN","Midwest","East North Central"
"76","Indiana",163,1,0,0,0,0,0,0,0,0,0,1,0,0,0,0,0,0,0,0,"HB 1520","Defeated","Dead",2023-04-28,NA,NA,"IN","Midwest","East North Central"
"77","Indiana",165,1,1,0,0,0,0,0,0,0,0,0,0,0,0,0,0,0,0,0,"SB 386","Defeated","Dead",2023-04-28,NA,NA,"IN","Midwest","East North Central"
"78","Indiana",167,1,1,0,0,0,0,0,0,0,0,0,0,0,0,0,0,0,0,0,"SB 413","Defeated","Dead",2023-04-28,NA,NA,"IN","Midwest","East North Central"
"79","Indiana",169,1,1,0,0,0,0,0,0,0,0,0,0,0,0,0,0,0,0,0,"HB 1608","Passed into Law","Governor signed",2023-05-04,NA,NA,"IN","Midwest","East North Central"
"80","Indiana",171,1,1,0,0,0,0,0,0,0,0,0,0,0,0,0,0,0,0,0,"HB 1346","Defeated","Dead",2023-04-28,NA,NA,"IN","Midwest","East North Central"
"81","Indiana",173,0,1,0,0,0,0,0,0,0,0,0,1,0,0,0,0,0,0,0,"HB 1524","Defeated","Dead",2023-04-28,NA,NA,"IN","Midwest","East North Central"
"82","Indiana",175,0,1,0,1,0,0,0,0,0,0,0,0,0,0,0,0,0,0,0,"SB 487","Defeated","Dead",2023-04-28,NA,NA,"IN","Midwest","East North Central"
"83","Indiana",145,0,1,0,0,0,0,0,0,0,1,0,0,0,0,0,0,0,0,0,"HB 1232","Defeated","Dead",2023-04-28,NA,NA,"IN","Midwest","East North Central"
"84","Indiana",143,0,1,0,0,0,0,0,0,0,1,0,0,0,0,0,0,0,0,0,"HB 1231","Defeated","Dead",2023-04-28,NA,NA,"IN","Midwest","East North Central"
"85","Iowa",179,1,1,0,0,0,0,0,0,0,0,0,0,0,0,0,0,0,0,0,"SF 335","Defeated","Renumbered as SF 482",2023-03-02,NA,NA,"IA","Midwest","West North Central"
"86","Iowa",181,0,1,0,0,0,0,0,0,0,1,0,0,0,0,0,0,0,0,0,"SSB 1197","Defeated","Bill renumbered SF 538",2023-03-02,NA,NA,"IA","Midwest","West North Central"
"87","Iowa",177,1,1,0,0,0,0,0,0,0,0,0,0,0,0,0,0,0,0,0,"SSB 1145","Advancing","Bill renumbered SF 496",2023-03-02,NA,NA,"IA","Midwest","West North Central"
"88","Iowa",187,1,1,0,0,0,0,0,0,0,0,0,0,0,0,0,0,0,0,0,"HF 622","Defeated","Withdrawn",2023-03-16,NA,NA,"IA","Midwest","West North Central"
"89","Iowa",189,1,1,0,0,0,0,0,0,0,0,0,0,0,0,0,0,0,0,0,"SF 496","Passed into Law","Governor signed",2023-05-26,NA,NA,"IA","Midwest","West North Central"
"90","Iowa",183,0,1,0,0,0,0,0,0,0,1,0,0,0,0,0,0,0,0,0,"HSB 214","Defeated","Bill renumbered HF 623",2023-03-02,NA,NA,"IA","Midwest","West North Central"
"91","Iowa",185,1,1,0,0,0,0,0,0,0,0,0,0,0,0,0,0,0,0,0,"HSB 208","Advancing","Renumbered HF 622",2023-03-03,NA,NA,"IA","Midwest","West North Central"
"92","Iowa",195,0,1,0,0,0,0,0,0,0,1,0,0,0,0,0,0,0,0,0,"SF 538","Passed into Law","Governor signed",2023-03-22,NA,NA,"IA","Midwest","West North Central"
"93","Iowa",197,0,1,0,0,0,0,0,0,0,0,0,0,0,0,1,0,0,0,0,"SF 297","Advancing","Referred to committee",2024-01-11,NA,NA,"IA","Midwest","West North Central"
"94","Iowa",191,1,1,0,0,0,0,0,0,0,0,0,0,0,0,0,0,0,0,0,"SF 482","Passed into Law","Governor signed",2023-03-22,NA,NA,"IA","Midwest","West North Central"
"95","Iowa",193,0,1,0,0,0,0,0,0,0,1,0,0,0,0,0,0,0,0,0,"HF 623","Defeated","SF 538 substituted and bill withdrawn",2023-03-08,NA,NA,"IA","Midwest","West North Central"
"96","Iowa",203,0,1,0,0,0,1,0,0,0,0,0,0,0,0,0,0,0,0,0,"HF 348","Introduced","Carried over",2024-01-08,NA,NA,"IA","Midwest","West North Central"
"97","Iowa",205,0,1,0,0,0,1,0,0,0,0,0,0,0,0,0,0,0,0,0,"HF 8","Introduced","Carried over",2024-01-08,NA,NA,"IA","Midwest","West North Central"
"98","Iowa",207,0,0,0,0,0,1,1,0,0,0,0,0,1,0,0,0,0,0,0,"HSB 222","Introduced","Carried over",2024-01-08,NA,NA,"IA","Midwest","West North Central"
"99","Iowa",210,0,1,0,0,0,0,0,0,0,0,0,0,0,0,0,1,0,0,0,"HF 190","Introduced","Carried over",2024-01-08,NA,NA,"IA","Midwest","West North Central"
"100","Iowa",212,0,1,0,0,0,0,0,0,0,0,0,0,1,0,0,0,0,0,0,"HF 9","Introduced","Carried over",2024-01-08,NA,NA,"IA","Midwest","West North Central"
"101","Iowa",214,0,1,0,0,0,0,0,1,0,0,0,0,0,0,0,0,0,0,0,"HF 482","Introduced","Carried over",2024-01-08,NA,NA,"IA","Midwest","West North Central"
"102","Iowa",216,0,0,0,1,0,0,0,0,0,0,0,0,0,0,1,0,0,0,0,"HF 508","Introduced","Carried over",2024-01-08,NA,NA,"IA","Midwest","West North Central"
"103","Iowa",218,0,1,0,0,0,0,0,0,0,0,0,0,0,0,1,0,0,0,0,"SF 212","Introduced","Carried over",2024-01-08,NA,NA,"IA","Midwest","West North Central"
"104","Iowa",220,0,1,0,0,0,0,0,0,0,0,0,0,0,0,0,0,1,0,0,"SF 348","Introduced","Carried over",2024-01-08,NA,NA,"IA","Midwest","West North Central"
"105","Iowa",222,0,0,0,0,0,0,0,0,0,0,1,0,0,0,0,1,0,0,0,"HF 325","Introduced","Carried over",2024-01-08,NA,NA,"IA","Midwest","West North Central"
"106","Iowa",224,0,1,0,0,0,0,0,0,0,0,0,1,0,0,0,0,0,0,0,"HF 290","Introduced","Carried over",2024-01-08,NA,NA,"IA","Midwest","West North Central"
"107","Iowa",199,0,0,0,0,0,0,1,0,0,0,0,0,1,0,0,0,0,0,0,"HF 180","Introduced","Carried over",2024-01-08,NA,NA,"IA","Midwest","West North Central"
"108","Iowa",201,0,1,0,1,0,0,0,0,0,0,0,0,0,0,0,0,0,0,0,"HF 616","Introduced","Carried over",2024-01-08,NA,NA,"IA","Midwest","West North Central"
"109","Iowa",230,0,0,0,1,0,0,0,0,0,0,0,0,1,1,0,0,0,0,0,"SF 129","Introduced","Carried over",2024-01-08,NA,NA,"IA","Midwest","West North Central"
"110","Iowa",233,0,1,0,0,0,1,0,0,0,0,0,0,0,0,0,0,0,0,0,"SF 83","Introduced","Carried over",2024-01-08,NA,NA,"IA","Midwest","West North Central"
"111","Iowa",235,0,0,0,0,0,0,0,0,0,0,0,0,0,0,0,0,0,1,1,"SF 110","Introduced","Carried over",2024-01-08,NA,NA,"IA","Midwest","West North Central"
"112","Iowa",226,0,1,0,0,0,0,0,0,0,0,0,0,0,0,1,0,0,0,0,"HF 229","Introduced","Carried over",2024-01-08,NA,NA,"IA","Midwest","West North Central"
"113","Iowa",228,0,1,0,0,0,0,0,0,0,0,0,0,1,0,0,0,0,0,0,"SF 159","Introduced","Carried over",2024-01-08,NA,NA,"IA","Midwest","West North Central"
"114","Kansas",237,1,1,0,0,0,0,0,0,0,0,0,0,0,0,0,0,0,0,0,"HB 2238","Passed into Law","Governor veto overridden",2023-04-05,NA,NA,"KS","Midwest","West North Central"
"115","Kansas",239,0,1,0,1,0,0,0,0,0,0,0,0,0,0,0,0,0,0,0,"SB 180","Passed into Law","Senate and House override of Governor veto",2023-04-27,NA,NA,"KS","Midwest","West North Central"
"116","Kansas",245,0,1,0,0,0,0,0,0,0,0,0,0,0,1,0,0,0,0,0,"SB 233","Advancing","Passed Senate; referred to House committee",2023-03-01,NA,NA,"KS","Midwest","West North Central"
"117","Kansas",247,0,1,0,0,0,0,0,0,0,0,0,0,0,1,0,0,0,0,0,"SB 12","Advancing","Committee hearing completed",2023-02-14,NA,NA,"KS","Midwest","West North Central"
"118","Kansas",241,0,1,0,1,0,0,0,0,0,0,0,0,0,0,0,0,0,0,0,"SB 228","Passed into Law","Senate and House override of Governor veto",2023-04-27,NA,NA,"KS","Midwest","West North Central"
"119","Kansas",243,0,1,0,1,0,0,0,0,0,0,0,0,0,0,0,0,0,0,0,"SB 224","Advancing","Committee hearing 3/7/23 through",2023-03-08,NA,NA,"KS","Midwest","West North Central"
"120","Kansas",253,0,1,0,0,0,0,0,0,0,0,0,0,0,0,0,0,1,0,0,"SB 201","Advancing","Referred to committee",2023-02-08,NA,NA,"KS","Midwest","West North Central"
"121","Kansas",255,0,1,0,0,0,0,0,0,0,0,0,0,0,0,0,0,1,0,0,"SB 149","Advancing","Referred to committee",2023-02-03,NA,NA,"KS","Midwest","West North Central"
"122","Kansas",249,0,1,0,1,0,0,0,0,0,0,0,0,0,0,0,0,0,0,0,"HB 2404","Advancing","Referred to committee",2023-02-10,NA,NA,"KS","Midwest","West North Central"
"123","Kansas",251,0,0,0,0,0,0,1,0,0,0,0,0,0,0,1,0,0,0,0,"SB 207","Advancing","Referred to committee",2023-02-09,NA,NA,"KS","Midwest","West North Central"
"124","Kansas",261,0,1,0,1,0,0,0,0,0,0,0,0,0,0,0,0,0,0,0,"HB 2436","Introduced","Carried over",2024-01-08,NA,NA,"KS","Midwest","West North Central"
"125","Kansas",263,0,1,0,0,0,0,0,1,0,0,0,0,0,0,0,0,0,0,0,"SB 255","Advancing","Committee hearing",2023-03-22,NA,NA,"KS","Midwest","West North Central"
"126","Kansas",257,0,1,0,0,0,0,0,0,0,0,0,0,0,1,0,0,0,0,0,"HB 2263","Advancing","Passed Senate as amended; House referred to committee",2023-03-28,NA,NA,"KS","Midwest","West North Central"
"127","Kansas",259,0,0,0,0,0,0,0,1,0,0,1,0,0,0,0,0,0,0,0,"HB 2427","Advancing","Committee recommends passage as amended",2023-03-27,NA,NA,"KS","Midwest","West North Central"
"128","Kentucky",265,0,1,0,0,0,0,0,0,0,1,0,0,0,0,0,0,0,0,0,"HB 120","Defeated","Dead",2023-03-30,NA,NA,"KY","South","East South Central"
"129","Kentucky",271,1,1,0,0,0,0,0,0,0,0,0,0,0,0,0,0,0,0,0,"HB 173","Defeated","Withdrawn",2023-03-13,NA,NA,"KY","South","East South Central"
"130","Kentucky",273,1,1,0,0,0,0,0,0,0,0,0,0,0,0,0,0,0,0,0,"HB 177","Defeated","Dead",2023-03-30,NA,NA,"KY","South","East South Central"
"131","Kentucky",267,0,1,0,0,0,0,0,0,1,0,0,0,0,0,0,0,0,0,0,"HB 58","Defeated","Dead",2023-03-30,NA,NA,"KY","South","East South Central"
"132","Kentucky",269,1,1,0,0,0,0,0,0,0,0,0,0,0,0,0,0,0,0,0,"HB 30","Defeated","Dead",2023-03-30,NA,NA,"KY","South","East South Central"
"133","Kentucky",281,0,1,1,0,0,0,0,0,0,0,0,0,0,0,0,0,0,0,0,"SB 115","Defeated","Dead",2023-03-30,NA,NA,"KY","South","East South Central"
"134","Kentucky",283,1,1,0,0,0,0,0,0,0,0,0,0,0,0,0,0,0,0,0,"SB 145","Passed into Law","Governor signed",2023-03-24,NA,NA,"KY","South","East South Central"
"135","Kentucky",275,1,1,0,0,0,0,0,0,0,0,0,0,0,0,0,0,0,0,0,"SB 102","Defeated","Dead",2023-03-30,NA,NA,"KY","South","East South Central"
"136","Kentucky",277,1,1,0,0,0,0,0,0,0,1,0,0,0,0,0,0,0,0,0,"SB 150","Passed into Law","Governor veto overridden",2023-03-29,"View case info"," IN COURT","KY","South","East South Central"
"137","Kentucky",288,0,1,0,0,0,0,0,0,0,0,0,1,0,0,0,0,0,0,0,"HB 585","Defeated","Dead",2023-03-30,NA,NA,"KY","South","East South Central"
"138","Kentucky",285,1,0,0,0,0,0,0,0,0,1,0,1,0,0,0,0,0,0,0,"HB 470","Defeated","Dead",2023-03-30,NA,NA,"KY","South","East South Central"
"139","Louisiana",292,1,1,0,0,0,0,0,0,0,0,0,0,0,0,0,0,0,0,0,"HB 466","Defeated","Governor vetoed; House veto override failed",2023-07-18,NA,NA,"LA","South","West South Central"
"140","Louisiana",294,0,0,0,0,0,0,0,0,0,1,0,0,0,0,0,0,0,0,0,"HB 463","Advancing",NA,NA,NA,NA,"LA","South","West South Central"
"141","Louisiana",290,1,1,0,0,0,0,0,0,0,0,0,0,0,0,0,0,0,0,0,"HB 81","Defeated","Governor vetoed 6/28/23; House veto override failed",2023-07-18,NA,NA,"LA","South","West South Central"
"142","Louisiana",297,0,1,0,0,0,0,0,0,0,0,0,0,0,0,0,0,0,0,0,"i","House and Senate override of Governor veto, 07/18/2023",NA,NA,NA,NA,"LA","South","West South Central"
"143","Louisiana",295,0,1,0,0,0,0,0,0,0,0,0,0,0,0,0,0,0,0,0,"i","Substituted for HB 648, 05/04/2023",NA,NA,NA,NA,"LA","South","West South Central"
"144","Louisiana",296,0,0,0,0,0,0,0,0,0,1,0,0,0,0,0,0,0,0,0,"HB 648","Passed into Law",NA,NA,NA,NA,"LA","South","West South Central"
"145","Maine",298,0,1,0,0,0,0,1,0,0,0,0,0,0,0,0,0,0,0,0,"LD 678","Introduced","Carried over",2024-01-03,NA,NA,"ME","Northeast","New England"
"146","Maine",300,0,1,0,0,1,0,0,0,0,0,0,0,0,0,0,0,0,0,0,"LD 930","Introduced","Carried over",2024-01-03,NA,NA,"ME","Northeast","New England"
"147","Maryland",302,1,1,0,0,0,0,0,0,0,0,0,0,0,0,0,0,0,0,0,"HB 359","Defeated","Unfavorable committee report",2023-02-20,NA,NA,"MD","South","South Atlantic"
"148","Massachusetts",304,0,1,0,0,0,1,0,0,0,0,0,0,0,0,0,0,0,0,0,"H 509","Advancing","Joint hearing scheduled",2023-10-11,NA,NA,"MA","Northeast","New England"
"149","Massachusetts",306,0,1,0,0,0,1,0,0,0,0,0,0,0,0,0,0,0,0,0,"H 458","Advancing","Joint hearing",2023-07-17,NA,NA,"MA","Northeast","New England"
"150","Michigan",312,0,1,0,0,0,0,0,0,0,0,0,0,0,1,0,0,0,0,0,"HB 4540","Advancing","First read and referred to committee",2023-05-09,NA,NA,"MI","Midwest","East North Central"
"151","Michigan",314,0,0,0,1,0,0,0,1,0,0,0,0,0,0,0,0,0,0,0,"HB 4510","Advancing","First read and referred to committee",2023-05-04,NA,NA,"MI","Midwest","East North Central"
"152","Michigan",316,0,1,0,0,0,0,0,0,0,0,0,0,0,0,1,0,0,0,0,"HB 4345","Advancing","First read and referred to committee",2023-04-11,NA,NA,"MI","Midwest","East North Central"
"153","Michigan",318,0,1,0,0,0,0,0,0,0,0,0,0,0,1,0,0,0,0,0,"HB 4257","Advancing","First read and referred to committee",2023-03-09,NA,NA,"MI","Midwest","East North Central"
"154","Michigan",320,0,1,0,0,0,0,0,1,0,0,0,0,0,0,0,0,0,0,0,"HB 4195","Advancing","First read and referred to committee",2023-03-07,NA,NA,"MI","Midwest","East North Central"
"155","Michigan",322,0,1,0,0,0,0,0,0,0,0,0,0,0,0,1,0,0,0,0,"HB 4075","Advancing","Notice given to discharge committee",2023-03-15,NA,NA,"MI","Midwest","East North Central"
"156","Michigan",324,0,1,0,0,0,0,0,0,0,0,0,0,0,1,0,0,0,0,0,"HB 4539","Advancing","First read and referred to committee",2023-05-09,NA,NA,"MI","Midwest","East North Central"
"157","Michigan",308,0,1,0,1,0,0,0,0,0,0,0,0,0,0,0,0,0,0,0,"HJR E","Advancing","First read and referred to committee",2023-06-14,NA,NA,"MI","Midwest","East North Central"
"158","Michigan",310,0,1,0,0,1,0,0,0,0,0,0,0,0,0,0,0,0,0,0,"HB 4546","Advancing","First read and referred to committee",2023-05-11,NA,NA,"MI","Midwest","East North Central"
"159","Minnesota",326,0,0,0,0,0,0,0,0,0,0,0,0,0,1,0,0,0,0,0,"SF 3280","Advancing",NA,NA,NA,NA,"MN","Midwest","West North Central"
"160","Minnesota",329,0,1,0,0,0,0,0,0,0,0,0,0,0,0,0,0,0,0,0,"i","First read and referred to committee, 04/19/2023",NA,NA,NA,NA,"MN","Midwest","West North Central"
"161","Minnesota",330,0,1,0,0,0,0,0,0,0,0,0,0,0,0,0,0,1,0,0,"HF 1903","Advancing","Referred to committee",2023-02-16,NA,NA,"MN","Midwest","West North Central"
"162","Minnesota",327,0,1,0,0,0,0,0,0,0,0,0,0,0,0,0,0,0,0,0,"i","First read and referred to committee, 04/19/2023",NA,NA,NA,NA,"MN","Midwest","West North Central"
"163","Minnesota",328,0,0,0,0,0,0,0,0,0,0,0,0,0,1,0,0,0,0,0,"HF 3264","Advancing",NA,NA,NA,NA,"MN","Midwest","West North Central"
"164","Minnesota",336,0,1,0,0,1,0,0,0,0,0,0,0,0,0,0,0,0,0,0,"SF 724","Introduced","First read and referred to committee",2023-01-25,NA,NA,"MN","Midwest","West North Central"
"165","Minnesota",338,0,1,0,0,1,0,0,0,0,0,0,0,0,0,0,0,0,0,0,"HF 551","Advancing","First read and referred to committee",2023-01-19,NA,NA,"MN","Midwest","West North Central"
"166","Minnesota",340,0,1,0,0,0,0,0,0,0,0,0,0,0,1,0,0,0,0,0,"SF 3272","Advancing","First read and referred to committee",2023-04-17,NA,NA,"MN","Midwest","West North Central"
"167","Minnesota",342,0,0,0,0,0,1,0,0,0,0,0,0,1,0,0,0,0,0,0,"HF 3022","Introduced","Authors added Myers; Davis",2023-03-30,NA,NA,"MN","Midwest","West North Central"
"168","Minnesota",344,0,0,0,0,1,0,0,1,0,0,0,0,0,0,0,0,0,0,0,"SF 934","Advancing","First read and referred to committee",2023-01-31,NA,NA,"MN","Midwest","West North Central"
"169","Minnesota",332,0,1,0,0,0,0,0,0,0,0,0,0,0,0,0,0,1,0,0,"SF 933","Advancing","Referred to committee",2023-01-30,NA,NA,"MN","Midwest","West North Central"
"170","Minnesota",334,0,1,0,0,1,0,0,0,0,0,0,0,0,0,0,0,0,0,0,"HF 1086","Advancing","First read and referred to committee",2023-01-30,NA,NA,"MN","Midwest","West North Central"
"171","Mississippi",346,0,1,0,0,0,0,0,0,0,1,0,0,0,0,0,0,0,0,0,"SB 2864","Defeated","Died in committee",2023-01-31,NA,NA,"MS","South","East South Central"
"172","Mississippi",348,0,1,0,0,0,0,0,0,0,1,0,0,0,0,0,0,0,0,0,"HB 1127","Defeated","Died in committee",2023-01-31,NA,NA,"MS","South","East South Central"
"173","Mississippi",354,0,1,0,0,0,0,0,0,0,1,0,0,0,0,0,0,0,0,0,"HB 576","Defeated","Died in committee",2023-01-31,NA,NA,"MS","South","East South Central"
"174","Mississippi",356,1,1,0,0,0,0,0,0,0,0,0,0,0,0,0,0,0,0,0,"SB 2765","Defeated","Died in committee",2023-01-31,NA,NA,"MS","South","East South Central"
"175","Mississippi",350,0,1,0,0,0,0,0,0,0,1,0,0,0,0,0,0,0,0,0,"HB 1125","Passed into Law","Governor signed",2023-02-28,NA,NA,"MS","South","East South Central"
"176","Mississippi",352,0,1,0,0,0,0,0,0,0,1,0,0,0,0,0,0,0,0,0,"HB 456","Defeated","Died in committee",2023-01-31,NA,NA,"MS","South","East South Central"
"177","Mississippi",362,1,0,0,0,0,0,0,0,0,0,0,0,0,0,0,0,0,0,0,"SB 2773","Defeated",NA,NA,NA,NA,"MS","South","East South Central"
"178","Mississippi",363,0,1,0,0,0,0,0,0,0,0,0,0,0,0,0,0,0,0,0,"i","Died in committee, 01/31/2023",NA,NA,NA,NA,"MS","South","East South Central"
"179","Mississippi",364,1,0,0,0,0,0,0,0,0,0,0,0,0,0,0,0,0,0,0,"HB 1144","Defeated",NA,NA,NA,NA,"MS","South","East South Central"
"180","Mississippi",365,0,1,0,0,0,0,0,0,0,0,0,0,0,0,0,0,0,0,0,"i","Died in committee, 01/31/2023",NA,NA,NA,NA,"MS","South","East South Central"
"181","Mississippi",366,1,1,0,0,0,0,0,0,0,0,0,0,0,0,0,0,0,0,0,"SB 2058","Defeated","Died in committee",2023-01-31,NA,NA,"MS","South","East South Central"
"182","Mississippi",368,1,1,0,0,0,0,0,0,0,0,0,0,0,0,0,0,0,0,0,"SB 2820","Defeated","Died in committee",2023-01-31,NA,NA,"MS","South","East South Central"
"183","Mississippi",370,1,1,0,0,0,0,0,0,0,0,0,0,0,0,0,0,0,0,0,"SB 2764","Defeated","Died in committee",2023-01-31,NA,NA,"MS","South","East South Central"
"184","Mississippi",372,1,0,0,1,0,0,0,0,0,0,0,0,0,0,0,0,0,0,0,"HB 1074","Defeated","Died in committee",2023-01-31,NA,NA,"MS","South","East South Central"
"185","Mississippi",374,1,1,0,0,0,0,0,0,0,0,0,0,0,0,0,0,0,0,0,"HB 1489","Defeated","Died in committee",2023-01-31,NA,NA,"MS","South","East South Central"
"186","Mississippi",376,1,1,0,0,0,0,0,0,0,0,0,0,0,0,0,0,0,0,0,"HB 1476","Defeated","Died in committee",2023-01-31,NA,NA,"MS","South","East South Central"
"187","Mississippi",378,1,1,0,0,0,0,0,0,0,0,0,0,0,0,0,0,0,0,0,"HB 1480","Defeated","Died in committee",2023-01-31,NA,NA,"MS","South","East South Central"
"188","Mississippi",358,1,1,0,0,0,0,0,0,0,0,0,0,0,0,0,0,0,0,0,"SB 2076","Defeated","Died in committee",2023-01-31,NA,NA,"MS","South","East South Central"
"189","Mississippi",360,1,1,0,0,0,0,0,0,0,0,0,0,0,0,0,0,0,0,0,"HB 509","Defeated","Died in committee",2023-01-31,NA,NA,"MS","South","East South Central"
"190","Mississippi",384,0,1,0,0,0,0,0,0,0,1,0,0,0,0,0,0,0,0,0,"SB 2770","Defeated","Died in committee",2023-01-31,NA,NA,"MS","South","East South Central"
"191","Mississippi",386,0,1,0,0,0,0,0,0,0,1,0,0,0,0,0,0,0,0,0,"HB 1126","Defeated","Died in committee",2023-01-31,NA,NA,"MS","South","East South Central"
"192","Mississippi",388,0,1,0,0,0,0,0,0,0,1,0,0,0,0,0,0,0,0,0,"HB 1258","Defeated","Died in committee",2023-01-31,NA,NA,"MS","South","East South Central"
"193","Mississippi",390,0,1,0,0,0,0,0,0,0,1,0,0,0,0,0,0,0,0,0,"SB 2883","Defeated","Died in committee",2023-01-31,NA,NA,"MS","South","East South Central"
"194","Mississippi",392,0,1,0,0,0,0,0,0,0,1,0,0,0,0,0,0,0,0,0,"SB 2861","Defeated","Died in committee",2023-01-31,NA,NA,"MS","South","East South Central"
"195","Mississippi",394,0,1,0,0,0,0,0,0,0,1,0,0,0,0,0,0,0,0,0,"HB 1733","Passed into Law","Governor signed",2023-03-27,NA,NA,"MS","South","East South Central"
"196","Mississippi",380,0,1,0,0,0,0,0,0,0,1,0,0,0,0,0,0,0,0,0,"HB 1124","Defeated","Died in committee",2023-01-31,NA,NA,"MS","South","East South Central"
"197","Mississippi",382,0,1,0,0,0,0,0,0,0,1,0,0,0,0,0,0,0,0,0,"SB 2760","Defeated","Died in committee",2023-01-31,NA,NA,"MS","South","East South Central"
"198","Missouri",396,0,1,0,0,0,0,0,0,0,1,0,0,0,0,0,0,0,0,0,"HB 540","Defeated","Dead",2023-05-12,NA,NA,"MO","Midwest","West North Central"
"199","Missouri",398,0,1,0,0,0,0,0,0,0,1,0,0,0,0,0,0,0,0,0,"HB 463","Defeated","Dead",2023-05-12,NA,NA,"MO","Midwest","West North Central"
"200","Missouri",404,0,1,0,0,0,0,0,0,0,1,0,0,0,0,0,0,0,0,0,"SB 164","Defeated","Dead",2023-05-12,NA,NA,"MO","Midwest","West North Central"
"201","Missouri",406,0,1,0,0,0,0,0,0,0,1,0,0,0,0,0,0,0,0,0,"SB 49","Passed into Law","Governor signed",2023-06-07,NA,NA,"MO","Midwest","West North Central"
"202","Missouri",400,0,1,0,0,0,0,0,0,0,1,0,0,0,0,0,0,0,0,0,"HB 419","Defeated","Dead",2023-05-12,NA,NA,"MO","Midwest","West North Central"
"203","Missouri",402,0,1,0,0,0,0,0,0,0,1,0,0,0,0,0,0,0,0,0,"SB 236","Defeated","Dead",2023-05-12,NA,NA,"MO","Midwest","West North Central"
"204","Missouri",412,1,1,0,0,0,0,0,0,0,0,0,0,0,0,0,0,0,0,0,"SB 497","Defeated","Dead",2023-05-12,NA,NA,"MO","Midwest","West North Central"
"205","Missouri",414,0,1,0,1,0,0,0,0,0,0,0,0,0,0,0,0,0,0,0,"HB 732","Defeated","Dead",2023-05-12,NA,NA,"MO","Midwest","West North Central"
"206","Missouri",416,0,1,0,1,0,0,0,0,0,0,0,0,0,0,0,0,0,0,0,"SB 258","Defeated","Dead",2023-05-12,NA,NA,"MO","Midwest","West North Central"
"207","Missouri",418,1,1,0,0,0,0,0,0,0,0,0,0,0,0,0,0,0,0,0,"SB 87","Defeated","Dead",2023-05-12,NA,NA,"MO","Midwest","West North Central"
"208","Missouri",420,1,1,0,0,0,0,0,0,0,0,0,0,0,0,0,0,0,0,0,"SB 134","Defeated","Dead",2023-05-12,NA,NA,"MO","Midwest","West North Central"
"209","Missouri",422,0,1,1,0,0,0,0,0,0,0,0,0,0,0,0,0,0,0,0,"HB 494","Defeated","Dead",2023-05-12,NA,NA,"MO","Midwest","West North Central"
"210","Missouri",424,0,1,1,0,0,0,0,0,0,0,0,0,0,0,0,0,0,0,0,"HB 498","Defeated","Dead",2023-05-12,NA,NA,"MO","Midwest","West North Central"
"211","Missouri",426,0,1,1,0,0,0,0,0,0,0,0,0,0,0,0,0,0,0,0,"SB 429","Defeated","Dead",2023-05-12,NA,NA,"MO","Midwest","West North Central"
"212","Missouri",428,0,1,0,0,0,0,0,0,0,1,0,0,0,0,0,0,0,0,0,"HB 916","Defeated","Dead",2023-05-12,NA,NA,"MO","Midwest","West North Central"
"213","Missouri",430,1,1,0,0,0,0,0,0,0,0,0,0,0,0,0,0,0,0,0,"HB 634","Defeated","Dead",2023-05-12,NA,NA,"MO","Midwest","West North Central"
"214","Missouri",432,1,1,0,0,0,0,0,0,0,0,0,0,0,0,0,0,0,0,0,"SB 165","Defeated","Dead",2023-05-12,NA,NA,"MO","Midwest","West North Central"
"215","Missouri",408,1,0,0,0,0,0,0,0,1,0,0,0,0,0,0,0,0,0,0,"HB 192","Defeated","Dead",2023-05-12,NA,NA,"MO","Midwest","West North Central"
"216","Missouri",410,0,1,0,1,0,0,0,0,0,0,0,0,0,0,0,0,0,0,0,"HB 489","Defeated","Dead",2023-05-12,NA,NA,"MO","Midwest","West North Central"
"217","Missouri",438,1,1,0,0,0,0,0,0,0,0,0,0,0,0,0,0,0,0,0,"HB 183","Defeated","Dead",2023-05-12,NA,NA,"MO","Midwest","West North Central"
"218","Missouri",440,1,1,0,0,0,0,0,0,0,0,0,0,0,0,0,0,0,0,0,"SB 29","Defeated","Dead",2023-05-12,NA,NA,"MO","Midwest","West North Central"
"219","Missouri",442,1,1,0,0,0,0,0,0,0,0,0,0,0,0,0,0,0,0,0,"HB 170","Defeated","Dead",2023-05-12,NA,NA,"MO","Midwest","West North Central"
"220","Missouri",444,1,1,0,0,0,0,0,0,0,0,0,0,0,0,0,0,0,0,0,"SB 48","Defeated","Dead",2023-05-12,NA,NA,"MO","Midwest","West North Central"
"221","Missouri",446,1,1,0,0,0,0,0,0,0,0,0,0,0,0,0,0,0,0,0,"SB 2","Defeated","Dead",2023-05-12,NA,NA,"MO","Midwest","West North Central"
"222","Missouri",448,1,1,0,0,0,0,0,0,0,0,0,0,0,0,0,0,0,0,0,"SB 42","Defeated","Dead",2023-05-12,NA,NA,"MO","Midwest","West North Central"
"223","Missouri",450,0,1,0,0,0,0,0,0,0,1,0,0,0,0,0,0,0,0,0,"SB 598","Defeated","Dead",2023-05-12,NA,NA,"MO","Midwest","West North Central"
"224","Missouri",452,1,1,0,0,0,0,0,0,0,0,0,0,0,0,0,0,0,0,0,"SB 390","Advancing","Second read and referred to committee",2023-03-02,NA,NA,"MO","Midwest","West North Central"
"225","Missouri",454,1,1,0,0,0,0,0,0,0,0,0,0,0,0,0,0,0,0,0,"HB 75","Defeated","Dead",2023-05-12,NA,NA,"MO","Midwest","West North Central"
"226","Missouri",456,0,1,0,0,0,0,0,0,1,0,0,0,0,0,0,0,0,0,0,"HB 1157","Defeated","Dead",2023-05-12,NA,NA,"MO","Midwest","West North Central"
"227","Missouri",458,0,1,1,0,0,0,0,0,0,0,0,0,0,0,0,0,0,0,0,"SB 693","Defeated","Dead",2023-05-12,NA,NA,"MO","Midwest","West North Central"
"228","Missouri",434,1,1,0,0,0,0,0,0,0,0,0,0,0,0,0,0,0,0,0,"SB 39","Passed into Law","Governor signed",2023-06-07,NA,NA,"MO","Midwest","West North Central"
"229","Missouri",436,1,1,0,0,0,0,0,0,0,0,0,0,0,0,0,0,0,0,0,"HB 337","Defeated","Dead",2023-05-12,NA,NA,"MO","Midwest","West North Central"
"230","Missouri",464,0,1,0,1,0,0,0,0,0,0,0,0,0,0,0,0,0,0,0,"HB 1333","Defeated","Dead",2023-05-12,NA,NA,"MO","Midwest","West North Central"
"231","Missouri",466,0,1,0,1,0,0,0,0,0,0,0,0,0,0,0,0,0,0,0,"HB 2","Defeated","Dead",2023-05-12,NA,NA,"MO","Midwest","West North Central"
"232","Missouri",468,0,1,0,1,0,0,0,0,0,0,0,0,0,0,0,0,0,0,0,"HB 3","Defeated","Dead",2023-05-12,NA,NA,"MO","Midwest","West North Central"
"233","Missouri",470,0,1,0,1,0,0,0,0,0,0,0,0,0,0,0,0,0,0,0,"HB 4","Defeated","Dead",2023-05-12,NA,NA,"MO","Midwest","West North Central"
"234","Missouri",472,0,1,0,1,0,0,0,0,0,0,0,0,0,0,0,0,0,0,0,"HB 5","Defeated","Dead",2023-05-12,NA,NA,"MO","Midwest","West North Central"
"235","Missouri",474,0,1,0,1,0,0,0,0,0,0,0,0,0,0,0,0,0,0,0,"HB 6","Defeated","Dead",2023-05-12,NA,NA,"MO","Midwest","West North Central"
"236","Missouri",476,0,1,0,1,0,0,0,0,0,0,0,0,0,0,0,0,0,0,0,"HB 7","Defeated","Dead",2023-05-12,NA,NA,"MO","Midwest","West North Central"
"237","Missouri",478,0,1,0,1,0,0,0,0,0,0,0,0,0,0,0,0,0,0,0,"HB 8","Defeated","Dead",2023-05-12,NA,NA,"MO","Midwest","West North Central"
"238","Missouri",480,0,1,0,1,0,0,0,0,0,0,0,0,0,0,0,0,0,0,0,"HB 9","Defeated","Dead",2023-05-12,NA,NA,"MO","Midwest","West North Central"
"239","Missouri",482,0,1,0,1,0,0,0,0,0,0,0,0,0,0,0,0,0,0,0,"HB 10","Defeated","Dead",2023-05-12,NA,NA,"MO","Midwest","West North Central"
"240","Missouri",484,0,1,0,1,0,0,0,0,0,0,0,0,0,0,0,0,0,0,0,"HB 11","Advancing","Passed House; Passed Senate; House adopted Conference Committee report",NA,NA,NA,"MO","Midwest","West North Central"
"241","Missouri",486,0,1,0,1,0,0,0,0,0,0,0,0,0,0,0,0,0,0,0,"HB 12","Advancing","Passed House; Passed Senate; House adopted Conference Committee report",NA,NA,NA,"MO","Midwest","West North Central"
"242","Missouri",488,0,1,0,1,0,0,0,0,0,0,0,0,0,0,0,0,0,0,0,"HB 13","Defeated","Dead",2023-05-12,NA,NA,"MO","Midwest","West North Central"
"243","Missouri",490,0,1,0,1,0,0,0,0,0,0,0,0,0,0,0,0,0,0,0,"HB 15","Advancing","Vetoed in part by Governor",2023-05-15,NA,NA,"MO","Midwest","West North Central"
"244","Missouri",462,1,0,0,0,0,0,0,0,1,0,0,0,0,0,0,0,0,0,0,"HB 1258","Defeated","Dead",2023-05-12,NA,NA,"MO","Midwest","West North Central"
"245","Missouri",460,0,1,0,0,0,0,0,0,0,1,0,0,0,0,0,0,0,0,0,"HB 1332","Defeated","Dead",2023-05-12,NA,NA,"MO","Midwest","West North Central"
"246","Montana",496,0,1,0,0,0,0,0,0,0,1,0,0,0,0,0,0,0,0,0,"SB 99","Passed into Law","Governor signed",2023-04-28,"View case info"," IN COURT","MT","West","Mountain"
"247","Montana",500,0,1,0,0,0,0,0,0,1,0,0,0,0,0,0,0,0,0,0,"HB 303","Passed into Law","Governor signed",2023-05-03,NA,NA,"MT","West","Mountain"
"248","Montana",502,1,1,0,0,0,0,0,0,0,0,0,0,0,0,0,0,0,0,0,"SB 337","Defeated","Missed deadline for general bill transmittal",2023-03-13,NA,NA,"MT","West","Mountain"
"249","Montana",506,0,1,0,1,0,0,0,0,0,0,0,0,0,0,0,0,0,0,0,"SB 458","Passed into Law","Governor signed",2023-05-19,NA,NA,"MT","West","Mountain"
"250","Montana",508,1,1,0,0,0,0,0,0,0,0,0,0,0,0,0,0,0,0,0,"HB 837","Defeated","Missed transmittal deadline",2023-04-06,NA,NA,"MT","West","Mountain"
"251","Montana",510,1,1,0,0,0,0,0,0,0,0,0,0,0,0,0,0,0,0,0,"SB 518","Passed into Law","Governor signed",2023-05-19,NA,NA,"MT","West","Mountain"
"252","Montana",504,1,1,0,0,0,0,0,0,0,0,0,0,0,0,0,0,0,0,0,"SB 413","Defeated","Missed deadline for general bill transmittal",2023-03-13,NA,NA,"MT","West","Mountain"
"253","Montana",492,0,1,1,0,0,0,0,0,0,0,0,0,0,0,0,0,0,0,0,"HB 359","Passed into Law","Governor signed",2023-05-22,"View case info"," IN COURT","MT","West","Mountain"
"254","Nebraska",518,0,1,0,0,0,0,0,0,0,0,0,0,0,0,0,0,1,0,0,"LB 371","Introduced","Carried over",2024-01-03,NA,NA,"NE","Midwest","West North Central"
"255","Nebraska",520,0,0,0,0,1,0,0,1,0,0,0,0,0,0,0,0,0,0,0,"LB 575","Introduced","Carried over",2024-01-03,NA,NA,"NE","Midwest","West North Central"
"256","Nebraska",512,0,1,0,0,0,0,0,0,0,1,0,0,0,0,0,0,0,0,0,"LB 574","Passed into Law","Governor signed",2023-05-22,"View case info"," IN COURT","NE","Midwest","West North Central"
"257","Nebraska",516,0,1,0,0,0,0,0,0,0,0,0,0,0,0,1,0,0,0,0,"LB 810","Introduced","Carried over",2024-01-03,NA,NA,"NE","Midwest","West North Central"
"258","Nevada",524,1,1,0,0,0,0,0,0,0,0,0,0,0,0,0,0,0,0,0,"AB 374","Defeated","No further action allowed",2023-04-15,NA,NA,"NV","West","Mountain"
"259","Nevada",522,0,1,0,1,0,0,0,0,0,0,0,0,0,0,0,0,0,0,0,"SB 288","Defeated","No further action allowed",2023-04-15,NA,NA,"NV","West","Mountain"
"260","New Hampshire",530,0,0,0,1,0,0,0,0,0,0,0,1,0,0,0,0,0,0,0,"HB 396","Advancing","Reported favorably by committee",2024-01-04,NA,NA,"NH","Northeast","New England"
"261","New Hampshire",532,0,1,0,0,0,0,0,0,0,0,0,0,1,0,0,0,0,0,0,"SB 272","Advancing","Passed Senate; House indefinitely postponed",2023-05-18,NA,NA,"NH","Northeast","New England"
"262","New Hampshire",526,0,0,0,0,1,1,0,1,0,0,0,0,0,1,0,0,0,0,0,"HB 619","Advancing","Reported favorably by committee",2024-01-04,NA,NA,"NH","Northeast","New England"
"263","New Hampshire",534,0,1,0,0,0,0,0,0,0,0,0,0,0,1,0,0,0,0,0,"HB 417","Advancing","Inexpedient to legislate",2023-03-22,NA,NA,"NH","Northeast","New England"
"264","New Jersey",538,1,1,0,0,0,0,0,0,0,0,0,0,0,0,0,0,0,0,0,"A 1630","Advancing","Introduced and referred to committee",2023-01-11,NA,NA,"NJ","Northeast","Middle Atlantic"
"265","New Jersey",540,1,1,0,0,0,0,0,0,0,0,0,0,0,0,0,0,0,0,0,"S 589","Advancing","Introduced and referred to committee",2023-01-11,NA,NA,"NJ","Northeast","Middle Atlantic"
"266","New Jersey",536,0,1,0,0,0,0,0,0,0,1,0,0,0,0,0,0,0,0,0,"S 3076","Introduced","Active",2023-01-10,NA,NA,"NJ","Northeast","Middle Atlantic"
"267","New Jersey",546,0,1,0,0,0,0,0,0,1,0,0,0,0,0,0,0,0,0,0,"A 328","Introduced","Active",2023-01-10,NA,NA,"NJ","Northeast","Middle Atlantic"
"268","New Jersey",542,1,1,0,0,0,0,0,0,0,0,0,0,0,0,0,0,0,0,0,"A 1418","Advancing","Referred to committee",2023-01-11,NA,NA,"NJ","Northeast","Middle Atlantic"
"269","New Jersey",544,1,1,0,0,0,0,0,0,0,0,0,0,0,0,0,0,0,0,0,"S 585","Advancing","Referred to committee",2023-01-11,NA,NA,"NJ","Northeast","Middle Atlantic"
"270","New Mexico",548,1,1,0,0,0,0,0,0,0,0,0,0,0,0,0,0,0,0,0,"HB 492","Defeated","Dead",2023-03-18,NA,NA,"NM","West","Mountain"
"271","New York",NA,NA,NA,NA,NA,NA,NA,NA,NA,NA,NA,NA,NA,NA,NA,NA,NA,NA,NA,NA,NA,NA,NA,NA,NA,NA,"NY","Northeast","Middle Atlantic"
"272","North Carolina",554,1,1,0,0,0,0,0,0,0,0,0,0,0,0,0,0,0,0,0,"H 574","Passed into Law","House and Senate override of Governor veto",2023-08-16,NA,NA,"NC","South","South Atlantic"
"273","North Carolina",556,1,1,0,0,0,0,0,0,0,0,0,0,0,0,0,0,0,0,0,"S 631","Passed into Law","Companion bill H. 574 passed",2023-08-16,NA,NA,"NC","South","South Atlantic"
"274","North Carolina",558,1,0,0,0,0,0,0,0,0,1,0,0,0,0,0,0,0,0,0,"H 808","Passed into Law","House and Senate override of Governor veto",2023-08-16,NA,NA,"NC","South","South Atlantic"
"275","North Carolina",560,0,1,0,0,1,0,0,0,0,0,0,0,0,0,0,0,0,0,0,"S 636","Advancing","Senate passed as amended; House re-referred to committee",2023-09-11,NA,NA,"NC","South","South Atlantic"
"276","North Carolina",562,0,1,0,0,0,0,0,0,0,0,0,0,0,0,1,0,0,0,0,"H 819","Advancing","Reported favorably and referred to committee",2023-04-27,NA,NA,"NC","South","South Atlantic"
"277","North Carolina",564,0,0,0,0,0,0,0,0,0,0,0,0,1,1,0,0,0,1,0,"H 786","Advancing","First read and referred to committee",2023-04-19,NA,NA,"NC","South","South Atlantic"
"278","North Carolina",567,0,1,0,0,0,0,0,0,0,0,0,0,0,0,1,0,0,0,0,"S 641","Advancing","First read and referred to committee",2023-04-06,NA,NA,"NC","South","South Atlantic"
"279","North Carolina",569,0,1,0,0,0,0,0,0,0,0,0,0,0,1,0,0,0,0,0,"S 560","Advancing","Referred to committee",2023-04-05,NA,NA,"NC","South","South Atlantic"
"280","North Carolina",571,0,1,0,0,0,0,0,0,0,0,0,0,0,1,0,0,0,0,0,"H 43","Advancing","Referred to committee",2023-02-06,NA,NA,"NC","South","South Atlantic"
"281","North Carolina",552,1,0,0,0,0,0,0,0,0,1,0,0,0,0,0,0,0,0,0,"S 639","Passed into Law","Companion bill H. 808 passed",2023-08-16,NA,NA,"NC","South","South Atlantic"
"282","North Carolina",550,1,1,0,0,0,0,0,0,0,0,0,0,0,0,0,0,0,0,0,"S 49","Passed into Law","Senate and House override of Governor veto",2023-08-16,NA,NA,"NC","South","South Atlantic"
"283","North Dakota",575,0,1,1,0,0,0,0,0,0,0,0,0,0,0,0,0,0,0,0,"HB 1205","Passed into Law","Governor signed",2023-04-25,NA,NA,"ND","Midwest","West North Central"
"284","North Dakota",577,0,1,0,0,0,0,0,0,0,0,0,1,0,0,0,0,0,0,0,"HB 1139","Passed into Law","Governor signed",2023-04-10,NA,NA,"ND","Midwest","West North Central"
"285","North Dakota",573,1,0,0,0,0,0,0,0,0,0,1,0,0,0,0,0,0,0,0,"HB 1473","Passed into Law","Governor signed",2023-04-25,NA,NA,"ND","Midwest","West North Central"
"286","North Dakota",583,1,0,0,1,0,0,0,0,0,0,0,0,0,0,0,0,0,0,0,"SB 2231","Defeated","Dead",2023-04-29,NA,NA,"ND","Midwest","West North Central"
"287","North Dakota",585,1,1,0,0,0,0,0,0,0,0,0,0,0,0,0,0,0,0,0,"HB 1249","Passed into Law","Governor signed",2023-04-11,NA,NA,"ND","Midwest","West North Central"
"288","North Dakota",587,0,1,1,0,0,0,0,0,0,0,0,0,0,0,0,0,0,0,0,"HB 1333","Advancing","Governor signed",2023-04-24,NA,NA,"ND","Midwest","West North Central"
"289","North Dakota",589,0,1,0,0,0,0,0,0,0,1,0,0,0,0,0,0,0,0,0,"HB 1301","Defeated","Failed to pass House",2023-02-17,NA,NA,"ND","Midwest","West North Central"
"290","North Dakota",591,1,1,0,0,0,0,0,0,0,0,0,0,0,0,0,0,0,0,0,"HB 1522","Passed into Law","Governor signed",2023-05-08,NA,NA,"ND","Midwest","West North Central"
"291","North Dakota",593,1,1,0,0,0,0,0,0,0,0,0,0,0,0,0,0,0,0,0,"HB 1489","Passed into Law","Governor signed",2023-04-11,NA,NA,"ND","Midwest","West North Central"
"292","North Dakota",595,1,1,0,0,0,0,0,0,0,0,0,0,0,0,0,0,0,0,0,"HB 1488","Defeated","Dead",2023-04-29,NA,NA,"ND","Midwest","West North Central"
"293","North Dakota",597,1,1,0,0,0,0,0,0,0,0,0,0,0,0,0,0,0,0,0,"SB 2188","Defeated","Second read",NA,NA,NA,"ND","Midwest","West North Central"
"294","North Dakota",599,0,1,0,0,0,0,0,0,0,0,0,1,0,0,0,0,0,0,0,"HB 1297","Passed into Law","Governor signed",2023-05-08,NA,NA,"ND","Midwest","West North Central"
"295","North Dakota",601,0,1,0,1,0,0,0,0,0,0,0,0,0,0,0,0,0,0,0,"HB 1474","Passed into Law","Governor signed",2023-05-08,NA,NA,"ND","Midwest","West North Central"
"296","North Dakota",603,0,1,0,1,0,0,0,0,0,0,0,0,0,0,0,0,0,0,0,"HB 1111","Passed into Law","Governor signed",2023-04-06,NA,NA,"ND","Midwest","West North Central"
"297","North Dakota",579,0,1,0,0,0,0,0,0,0,1,0,0,0,0,0,0,0,0,0,"HB 1254","Passed into Law","Governor signed",2023-04-19,NA,NA,"ND","Midwest","West North Central"
"298","North Dakota",581,1,1,0,0,0,0,0,0,0,0,0,0,0,0,0,0,0,0,0,"SB 2260","Defeated","Dead",2023-04-29,NA,NA,"ND","Midwest","West North Central"
"299","North Dakota",605,1,1,0,0,0,0,0,0,0,0,0,0,0,0,0,0,0,0,0,"HB 1526","Defeated","Second reading",NA,NA,NA,"ND","Midwest","West North Central"
"300","Ohio",609,0,1,0,0,0,0,0,0,0,0,0,0,1,0,0,0,0,0,0,"HB 8","Introduced","Carried over",2024-01-02,NA,NA,"OH","Midwest","East North Central"
"301","Ohio",611,0,1,0,0,0,0,0,0,0,0,0,0,0,0,0,0,1,0,0,"HB 245","Introduced","Carried over",2024-01-02,NA,NA,"OH","Midwest","East North Central"
"302","Ohio",613,0,1,0,0,0,0,0,1,0,0,0,0,0,0,0,0,0,0,0,"HB 183","Advancing","Committee hearing",2024-01-10,NA,NA,"OH","Midwest","East North Central"
"303","Ohio",617,0,1,0,0,1,0,0,0,0,0,0,0,0,0,0,0,0,0,0,"HB 6","Advancing","Reported by committee",2023-05-10,NA,NA,"OH","Midwest","East North Central"
"304","Ohio",619,0,1,0,0,0,0,0,0,0,0,0,0,0,1,0,0,0,0,0,"HB 68","Advancing","House overrode veto",2024-01-10,NA,NA,"OH","Midwest","East North Central"
"305","Ohio",615,0,1,0,1,0,0,0,0,0,0,0,0,0,0,0,0,0,0,0,"HB 151","Introduced","Carried over",2024-01-02,NA,NA,"OH","Midwest","East North Central"
"306","Ohio",607,0,1,0,1,0,0,0,0,0,0,0,0,0,0,0,0,0,0,0,"SB 83","Advancing","Re-referred Rules and Reference",2024-01-03,NA,NA,"OH","Midwest","East North Central"
"307","Oklahoma",621,0,1,0,0,0,0,0,0,1,0,0,0,0,0,0,0,0,0,0,"SB 404","Passed into Law","Governor signed",2023-05-02,NA,NA,"OK","South","West South Central"
"308","Oklahoma",629,0,1,0,1,0,0,0,0,0,0,0,0,0,0,0,0,0,0,0,"HB 1449","Advancing","Passed House; Senate committee passed as amended",2023-04-13,NA,NA,"OK","South","West South Central"
"309","Oklahoma",631,0,1,0,1,0,0,0,0,0,0,0,0,0,0,0,0,0,0,0,"SB 408","Advancing","Passed Senate; House committee passed as amended",2023-04-12,NA,NA,"OK","South","West South Central"
"310","Oklahoma",623,0,1,0,0,0,0,0,0,0,1,0,0,0,0,0,0,0,0,0,"SB 613","Passed into Law","Governor signed",2023-05-01,"View case info"," IN COURT","OK","South","West South Central"
"311","Oklahoma",627,1,1,0,0,0,0,0,0,0,0,0,0,0,0,0,0,0,0,0,"SB 26","Passed into Law","Governor signed",2023-05-25,NA,NA,"OK","South","West South Central"
"312","Oklahoma",637,0,0,0,0,0,0,0,0,1,0,0,0,0,0,0,0,1,0,0,"HB 2186","Advancing","Committee passed as amended",2023-02-23,NA,NA,"OK","South","West South Central"
"313","Oklahoma",639,0,1,0,0,0,1,0,0,0,0,0,0,0,0,0,0,0,0,0,"HB 1780","Advancing","Re-referred to rules committee",2023-02-16,NA,NA,"OK","South","West South Central"
"314","Oklahoma",641,1,0,0,0,0,0,0,0,0,0,0,0,0,0,0,0,1,0,0,"SB 933","Advancing","Second read and referred to committee",2023-02-07,NA,NA,"OK","South","West South Central"
"315","Oklahoma",643,0,1,0,0,0,0,0,0,0,0,0,0,0,1,0,0,0,0,0,"SB 614","Advancing","Second read and referred to committee",2023-02-07,NA,NA,"OK","South","West South Central"
"316","Oklahoma",645,0,1,0,0,0,0,1,0,0,0,0,0,0,0,0,0,0,0,0,"SB 1017","Advancing","Second read and referred to committee",2023-02-07,NA,NA,"OK","South","West South Central"
"317","Oklahoma",647,0,1,0,0,0,0,0,0,0,0,0,0,0,1,0,0,0,0,0,"SB 788","Advancing","Second read and referred to committee",2023-02-07,NA,NA,"OK","South","West South Central"
"318","Oklahoma",649,0,0,0,0,0,0,0,0,0,1,0,0,0,1,0,0,0,1,1,"HB 1011","Advancing","Second read and referred to committee",2023-02-07,NA,NA,"OK","South","West South Central"
"319","Oklahoma",653,0,1,0,0,0,0,0,0,0,0,0,0,0,0,0,0,0,1,0,"SB 250","Advancing","Second read and referred to committee",2023-02-07,NA,NA,"OK","South","West South Central"
"320","Oklahoma",655,0,0,0,0,0,0,0,0,0,0,0,0,0,1,0,0,0,0,1,"HB 1377","Advancing","Second read and referred to committee",2023-02-07,NA,NA,"OK","South","West South Central"
"321","Oklahoma",657,0,1,0,0,0,1,0,0,0,0,0,0,0,0,0,0,0,0,0,"HB 1781","Advancing","Second read and referred to committee",2023-02-07,NA,NA,"OK","South","West South Central"
"322","Oklahoma",659,0,1,0,0,0,0,0,0,0,0,0,0,0,1,0,0,0,0,0,"SB 787","Advancing","Second read and referred to committee",2023-02-07,NA,NA,"OK","South","West South Central"
"323","Oklahoma",661,0,1,0,0,0,0,1,0,0,0,0,0,0,0,0,0,0,0,0,"SB 932","Advancing","Second read and referred to committee",2023-02-07,NA,NA,"OK","South","West South Central"
"324","Oklahoma",663,0,0,0,0,0,1,1,0,0,0,0,0,1,0,0,0,0,0,0,"SB 30","Advancing","Second read and referred to committee",2023-02-07,NA,NA,"OK","South","West South Central"
"325","Oklahoma",666,0,1,0,0,0,0,1,0,0,0,0,0,0,0,0,0,0,0,0,"SB 935","Advancing","Second read and referred to committee",2023-02-07,NA,NA,"OK","South","West South Central"
"326","Oklahoma",668,0,0,0,0,1,1,1,0,0,0,0,0,0,0,0,0,1,0,0,"SB 937","Advancing","Second read and referred to committee",2023-02-07,NA,NA,"OK","South","West South Central"
"327","Oklahoma",672,0,1,0,0,0,0,0,0,0,0,0,0,0,1,0,0,0,0,0,"SB 786","Advancing","Second read and referred to committee",2023-02-07,NA,NA,"OK","South","West South Central"
"328","Oklahoma",674,0,1,0,0,0,0,0,0,0,0,0,0,0,1,0,0,0,0,0,"HB 1466","Advancing","Second read and referred to committee",2023-02-07,NA,NA,"OK","South","West South Central"
"329","Oklahoma",676,0,1,0,0,0,1,0,0,0,0,0,0,0,0,0,0,0,0,0,"SB 131","Advancing","Second read and referred to committee",2023-02-07,NA,NA,"OK","South","West South Central"
"330","Oklahoma",678,0,1,0,1,0,0,0,0,0,0,0,0,0,0,0,0,0,0,0,"SB 1004","Advancing","Second read and referred to committee",2023-02-07,NA,NA,"OK","South","West South Central"
"331","Oklahoma",680,0,1,0,0,1,0,0,0,0,0,0,0,0,0,0,0,0,0,0,"SB 1007","Advancing","Second read and referred to committee",2023-02-07,NA,NA,"OK","South","West South Central"
"332","Oklahoma",682,0,1,0,0,0,0,0,0,0,0,0,0,0,1,0,0,0,0,0,"SB 252","Advancing","Second read and referred to committee",2023-02-07,NA,NA,"OK","South","West South Central"
"333","Oklahoma",684,0,1,0,0,0,0,0,0,0,0,0,0,0,0,0,0,1,0,0,"HB 2736","Advancing","Second read and referred to committee",2023-02-07,NA,NA,"OK","South","West South Central"
"334","Oklahoma",686,0,1,0,0,0,0,0,0,0,0,0,0,0,1,0,0,0,0,0,"SB 345","Advancing","Second read and referred to committee",2023-02-07,NA,NA,"OK","South","West South Central"
"335","Oklahoma",688,0,1,0,0,0,0,0,0,0,0,0,0,0,1,0,0,0,0,0,"SB 789","Advancing","Second read and referred to committee",2023-02-07,NA,NA,"OK","South","West South Central"
"336","Oklahoma",690,0,1,0,0,0,0,0,0,0,0,0,0,0,1,0,0,0,0,0,"SB 878","Advancing","Second read and referred to committee",2023-02-07,NA,NA,"OK","South","West South Central"
"337","Oklahoma",692,0,0,0,1,0,0,0,0,0,0,0,0,0,0,1,0,0,0,0,"SB 887","Advancing","Second read and referred to committee",2023-02-07,NA,NA,"OK","South","West South Central"
"338","Oklahoma",694,0,1,0,0,0,0,1,0,0,0,0,0,0,0,0,0,0,0,0,"SB 943","Advancing","Second read and referred to committee",2023-02-07,NA,NA,"OK","South","West South Central"
"339","Oklahoma",696,0,1,0,0,0,1,0,0,0,0,0,0,0,0,0,0,0,0,0,"SB 973","Advancing","Second read and referred to committee",2023-02-07,NA,NA,"OK","South","West South Central"
"340","Oklahoma",633,0,0,0,0,0,0,0,0,0,0,0,0,0,1,0,0,0,0,1,"HB 2177","Advancing","Passed House; Senate second read and referred to committee",2023-03-23,NA,NA,"OK","South","West South Central"
"341","Oklahoma",635,0,0,0,0,0,0,0,0,0,0,0,0,0,1,0,0,0,0,1,"SB 129","Advancing","Passed committee as amended",2023-03-01,NA,NA,"OK","South","West South Central"
"342","Oregon",698,1,1,0,0,0,0,0,0,0,0,0,0,0,0,0,0,0,0,0,"HB 3044","Defeated","Dead",2023-06-25,NA,NA,"OR","West","Pacific"
"343","Oregon",700,1,1,0,0,0,0,0,0,0,0,0,0,0,0,0,0,0,0,0,"HB 2186","Defeated","Dead",2023-06-25,NA,NA,"OR","West","Pacific"
"344","Oregon",706,0,1,0,0,0,0,0,0,0,1,0,0,0,0,0,0,0,0,0,"SB 452","Defeated","Dead",2023-06-25,NA,NA,"OR","West","Pacific"
"345","Oregon",708,1,1,0,0,0,0,0,0,0,0,0,0,0,0,0,0,0,0,0,"HB 2477","Defeated","Dead",2023-06-25,NA,NA,"OR","West","Pacific"
"346","Oregon",702,1,1,0,0,0,0,0,0,0,0,0,0,0,0,0,0,0,0,0,"SB 453","Defeated","Dead",2023-06-25,NA,NA,"OR","West","Pacific"
"347","Oregon",704,1,1,0,0,0,0,0,0,0,0,0,0,0,0,0,0,0,0,0,"SB 749","Defeated","Dead",2023-06-25,NA,NA,"OR","West","Pacific"
"348","Oregon",710,0,1,0,0,0,0,0,0,0,1,0,0,0,0,0,0,0,0,0,"SB 897","Defeated","Dead",2023-06-25,NA,NA,"OR","West","Pacific"
"349","Pennsylvania",714,0,1,0,0,1,0,0,0,0,0,0,0,0,0,0,0,0,0,0,"HB 216","Advancing","Referred to committee",2023-03-08,NA,NA,"PA","Northeast","Middle Atlantic"
"350","Pennsylvania",716,0,0,0,0,0,0,0,0,0,1,0,0,0,0,0,0,0,0,1,"HB 138","Advancing","Referred to committee",2023-03-08,NA,NA,"PA","Northeast","Middle Atlantic"
"351","Pennsylvania",712,0,1,0,0,0,1,0,0,0,0,0,0,0,0,0,0,0,0,0,"HB 319","Advancing","Referred to committee",2023-03-13,NA,NA,"PA","Northeast","Middle Atlantic"
"352","Puerto Rico",720,0,1,0,0,0,0,0,0,0,0,0,0,0,0,1,0,0,0,0,"PS 1345","Advancing","First reading and referred to committee",2023-10-03,NA,NA,NA,NA,NA
"353","Puerto Rico",718,0,1,0,0,0,0,0,0,0,0,0,0,0,0,1,0,0,0,0,"PC 1887","Advancing","First reading and referred to committee",2023-10-17,NA,NA,NA,NA,NA
"354","Rhode Island",722,1,1,0,0,0,0,0,0,0,0,0,0,0,0,0,0,0,0,0,"SB 391","Defeated","Dead",2023-06-16,NA,NA,"RI","Northeast","New England"
"355","Rhode Island",724,1,1,0,0,0,0,0,0,0,0,0,0,0,0,0,0,0,0,0,"HB 5688","Defeated","Dead",2023-06-16,NA,NA,"RI","Northeast","New England"
"356","Rhode Island",726,0,1,0,0,0,0,0,0,0,1,0,0,0,0,0,0,0,0,0,"SB 958","Defeated","Dead",2023-06-16,NA,NA,"RI","Northeast","New England"
"357","Rhode Island",728,0,1,0,0,0,0,0,0,0,0,0,1,0,0,0,0,0,0,0,"S 960","Defeated","Dead",2023-06-16,NA,NA,"RI","Northeast","New England"
"358","Rhode Island",730,0,1,0,0,0,0,0,0,1,0,0,0,0,0,0,0,0,0,0,"S 959","Defeated","Dead",2023-06-16,NA,NA,"RI","Northeast","New England"
"359","South Carolina",732,0,1,0,1,0,0,0,0,0,0,0,0,0,0,0,0,0,0,0,"S 276","Advancing","Referred to committee",2023-01-10,NA,NA,"SC","South","South Atlantic"
"360","South Carolina",734,0,1,0,1,0,0,0,0,0,0,0,0,0,0,0,0,0,0,0,"S 624","Advancing","First read and referred to committee",2023-03-14,NA,NA,"SC","South","South Atlantic"
"361","South Carolina",736,0,0,0,0,0,1,1,0,0,0,0,0,0,0,0,0,0,0,0,"HB 3728","Introduced","Carried over",2024-01-09,NA,NA,"SC","South","South Atlantic"
"362","South Carolina",738,0,1,0,0,0,0,0,0,0,0,0,1,0,0,0,0,0,0,0,"SB 623","Advancing","First read and referred to committee",2023-03-14,NA,NA,"SC","South","South Atlantic"
"363","South Carolina",740,1,0,0,0,0,0,0,0,0,0,0,0,0,1,0,0,0,1,0,"SB 627","Advancing","First read and referred to committee",2023-03-14,NA,NA,"SC","South","South Atlantic"
"364","South Carolina",743,0,1,0,0,0,0,0,0,0,0,0,0,0,0,0,0,1,0,0,"SB 585","Advancing","First read and referred to committee",2023-03-02,NA,NA,"SC","South","South Atlantic"
"365","South Carolina",745,0,0,0,0,0,1,1,0,0,0,0,0,1,0,0,0,0,0,0,"HB 3827","Advancing","Referred to committee ",2023-01-26,NA,NA,"SC","South","South Atlantic"
"366","South Carolina",748,0,1,0,0,0,0,0,0,0,0,0,0,0,0,1,0,0,0,0,"HB 3801","Advancing","Referred to committee",2023-01-25,NA,NA,"SC","South","South Atlantic"
"367","South Carolina",750,0,1,0,0,0,0,0,0,0,0,0,0,1,0,0,0,0,0,0,"SB 234","Introduced","Carried over",2024-01-09,NA,NA,"SC","South","South Atlantic"
"368","South Carolina",752,0,0,0,0,0,0,1,0,0,0,0,0,1,0,0,0,0,0,0,"HB 3197","Advancing","Referred to committee",2023-01-10,NA,NA,"SC","South","South Atlantic"
"369","South Carolina",754,0,0,0,1,0,1,1,0,0,0,0,0,0,0,0,0,0,0,0,"SB 424","Advancing","Referred to committee",2023-01-19,NA,NA,"SC","South","South Atlantic"
"370","South Carolina",757,0,1,0,0,0,0,0,0,0,0,0,0,0,0,1,0,0,0,0,"HB 3611","Advancing","Referred to committee",2023-01-11,NA,NA,"SC","South","South Atlantic"
"371","South Carolina",759,0,1,0,0,0,0,0,0,0,0,0,0,0,0,0,0,1,0,0,"HB 3616","Advancing","Referred to committee",2023-01-11,NA,NA,"SC","South","South Atlantic"
"372","South Carolina",761,0,1,0,0,0,0,1,0,0,0,0,0,0,0,0,0,0,0,0,"HB 3304","Advancing","Referred to committee",2023-01-10,NA,NA,"SC","South","South Atlantic"
"373","South Carolina",763,0,1,0,0,0,0,1,0,0,0,0,0,0,0,0,0,0,0,0,"HB 3466","Introduced","Carried over",2024-01-09,NA,NA,"SC","South","South Atlantic"
"374","South Carolina",765,0,1,0,0,0,0,0,0,0,0,0,0,0,1,0,0,0,0,0,"SB 243","Advancing","Referred to committee",2023-01-10,NA,NA,"SC","South","South Atlantic"
"375","South Carolina",767,0,0,0,0,0,0,1,0,0,0,0,0,1,1,0,0,0,1,0,"SB 274","Introduced","Carried over",2024-01-09,NA,NA,"SC","South","South Atlantic"
"376","South Carolina",771,0,0,0,0,0,0,0,0,0,0,0,0,1,1,0,0,0,0,0,"HB 3551","Advancing","Referred to committee",2023-01-10,NA,NA,"SC","South","South Atlantic"
"377","South Carolina",773,0,1,0,0,0,0,0,0,0,0,0,1,0,0,0,0,0,0,0,"SB 364","Advancing","Referred to committee",2023-01-10,NA,NA,"SC","South","South Atlantic"
"378","South Carolina",775,0,0,0,0,0,0,1,0,0,0,0,0,1,0,0,0,0,0,0,"HB 3485","Advancing","Referred to committee",2023-01-10,NA,NA,"SC","South","South Atlantic"
"379","South Dakota",777,0,1,0,0,0,0,0,0,0,1,0,0,0,0,0,0,0,0,0,"HB 1080","Passed into Law","Governor signed",2023-02-13,NA,NA,"SD","Midwest","West North Central"
"380","South Dakota",779,1,0,1,0,0,0,0,0,0,0,0,0,0,0,0,0,0,0,0,"HB 1116","Advancing","Passed House; Senate floor vote failed",2023-03-02,NA,NA,"SD","Midwest","West North Central"
"381","South Dakota",781,0,1,1,0,0,0,0,0,0,0,0,0,0,0,0,0,0,0,0,"HB 1125","Defeated","Tabled by committee",2023-02-13,NA,NA,"SD","Midwest","West North Central"
"382","Tennessee",783,0,1,0,1,0,0,0,0,0,0,0,0,0,0,0,0,0,0,0,"HB 239","Passed into Law","Companion bill SB 1440 signed by Governor",2023-05-17,NA,NA,"TN","South","East South Central"
"383","Tennessee",785,0,1,1,0,0,0,0,0,0,0,0,0,0,0,0,0,0,0,0,"SB 3","Passed into Law","Governor signed",2023-03-02,NA,NA,"TN","South","East South Central"
"384","Tennessee",787,0,1,1,0,0,0,0,0,0,0,0,0,0,0,0,0,0,0,0,"HB 9","Passed into Law","Companion bill SB 3 signed by Governor",2023-03-02,"View case info"," IN COURT","TN","South","East South Central"
"385","Tennessee",791,1,1,0,0,0,0,0,0,0,0,0,0,0,0,0,0,0,0,0,"HB 306","Passed into Law","Companion bill SB 1237 signed by Governor",2023-04-28,NA,NA,"TN","South","East South Central"
"386","Tennessee",793,0,1,0,0,0,0,0,0,0,1,0,0,0,0,0,0,0,0,0,"SB 1","Passed into Law","Governor signed",2023-03-02,"View case info"," IN COURT","TN","South","East South Central"
"387","Tennessee",797,1,1,0,0,0,0,0,0,0,0,0,0,0,0,0,0,0,0,0,"SB 466","Passed into Law","Governor signed",2023-05-17,NA,NA,"TN","South","East South Central"
"388","Tennessee",799,0,1,0,0,0,0,0,0,0,1,0,0,0,0,0,0,0,0,0,"HB 1","Passed into Law","Companion bill SB 1 signed by Governor",2023-03-02,NA,NA,"TN","South","East South Central"
"389","Tennessee",801,1,1,0,0,0,0,0,0,0,0,0,0,0,0,0,0,0,0,0,"SB 1237","Passed into Law","Governor signed",2023-04-28,NA,NA,"TN","South","East South Central"
"390","Tennessee",803,1,1,0,0,0,0,0,0,0,0,0,0,0,0,0,0,0,0,0,"HB 1269","Passed into Law","Companion bill SB 466 signed by Governor",2023-05-17,NA,NA,"TN","South","East South Central"
"391","Tennessee",805,0,1,0,1,0,0,0,0,0,0,0,0,0,0,0,0,0,0,0,"SB 1440","Passed into Law","Governor signed",2023-05-17,NA,NA,"TN","South","East South Central"
"392","Tennessee",807,0,0,0,0,0,1,1,0,0,0,0,0,1,0,0,0,0,0,0,"SB 620","Advancing","On committee calendar",2024-02-06,NA,NA,"TN","South","East South Central"
"393","Tennessee",810,0,1,0,0,0,0,0,0,0,0,0,0,0,0,1,0,0,0,0,"SB 596","Advancing","Committee action deferred to",2024-01-23,NA,NA,"TN","South","East South Central"
"394","Tennessee",812,0,1,0,0,0,0,1,0,0,0,0,0,0,0,0,0,0,0,0,"SB 1117","Advancing","Placed on Senate reset calendar for 2024,",2023-04-17,NA,NA,"TN","South","East South Central"
"395","Tennessee",814,0,1,0,1,0,0,0,0,0,0,0,0,0,0,0,0,0,0,0,"SB 603","Advancing","Assigned to subcommittee",2023-03-22,NA,NA,"TN","South","East South Central"
"396","Tennessee",816,0,1,0,0,0,0,0,0,0,0,0,0,0,0,0,0,1,0,0,"SB 841","Defeated","Failed in committee",2023-03-21,NA,NA,"TN","South","East South Central"
"397","Tennessee",818,0,1,0,0,0,0,0,0,0,0,0,0,0,0,0,0,1,0,0,"HB 30","Introduced","Carried over",2024-01-09,NA,NA,"TN","South","East South Central"
"398","Tennessee",820,0,1,0,0,0,0,0,0,0,0,0,0,0,0,1,0,0,0,0,"HB 878","Advancing","Passed House; Senate passed on first consideration",2023-03-09,NA,NA,"TN","South","East South Central"
"399","Tennessee",822,0,1,0,0,0,0,0,0,0,0,0,0,0,1,0,0,0,0,0,"SB 1469","Advancing","Referred to subcommittee",2023-03-07,NA,NA,"TN","South","East South Central"
"400","Tennessee",824,0,1,0,1,0,0,0,0,0,0,0,0,0,0,0,0,0,0,0,"HB 1386","Advancing","Assigned to subcommittee",2023-02-07,NA,NA,"TN","South","East South Central"
"401","Tennessee",826,0,1,0,0,0,0,0,0,0,0,0,0,0,1,0,0,0,0,0,"HB 1378","Introduced","Carried over",2024-01-09,NA,NA,"TN","South","East South Central"
"402","Tennessee",828,0,0,0,0,0,1,1,0,0,0,0,0,1,0,0,0,0,0,0,"HB 1414","Advancing","Assigned to subcommittee",2023-02-07,NA,NA,"TN","South","East South Central"
"403","Tennessee",831,0,1,0,0,0,0,0,0,0,0,0,0,0,1,0,0,0,0,0,"HB 1447","Advancing","Assigned to subcommittee",2023-02-07,NA,NA,"TN","South","East South Central"
"404","Tennessee",833,0,1,0,1,0,0,0,0,0,0,0,0,0,0,0,0,0,0,0,"SB 1110","Advancing","Passed second consideration and referred to committee",2023-02-06,NA,NA,"TN","South","East South Central"
"405","Tennessee",835,0,1,0,1,0,0,0,0,0,0,0,0,0,0,0,0,0,0,0,"HB 571","Advancing","Taken off notice for subcommittee calendar",2023-03-13,NA,NA,"TN","South","East South Central"
"406","Tennessee",837,0,1,0,0,0,0,0,0,0,0,0,0,0,1,0,0,0,0,0,"SB 5","Advancing","Referred to committee",2023-01-20,NA,NA,"TN","South","East South Central"
"407","Tennessee",839,0,1,0,0,0,0,1,0,0,0,0,0,0,0,0,0,0,0,0,"HB 1411","Advancing","Taken off committee calendar",2023-04-05,NA,NA,"TN","South","East South Central"
"408","Texas",841,1,1,0,0,0,0,0,0,0,0,0,0,0,0,0,0,0,0,0,"SB 393","Defeated","Dead",2023-05-29,NA,NA,"TX","South","West South Central"
"409","Texas",843,0,1,1,0,0,0,0,0,0,0,0,0,0,0,0,0,0,0,0,"HB 1266","Defeated","Dead",2023-05-29,NA,NA,"TX","South","West South Central"
"410","Texas",845,0,1,0,0,0,0,0,0,1,0,0,0,0,0,0,0,0,0,0,"HB 319","Defeated","Dead",2023-05-29,NA,NA,"TX","South","West South Central"
"411","Texas",847,0,1,0,0,0,0,0,0,0,1,0,0,0,0,0,0,0,0,0,"HB 436","Defeated","Dead",2023-05-29,NA,NA,"TX","South","West South Central"
"412","Texas",849,0,1,1,0,0,0,0,0,0,0,0,0,0,0,0,0,0,0,0,"SB 476","Defeated","Dead",2023-05-29,NA,NA,"TX","South","West South Central"
"413","Texas",851,1,1,0,0,0,0,0,0,0,0,0,0,0,0,0,0,0,0,0,"HB 23","Defeated","Dead",2023-05-29,NA,NA,"TX","South","West South Central"
"414","Texas",853,0,1,1,0,0,0,0,0,0,0,0,0,0,0,0,0,0,0,0,"HB 643","Defeated","Dead",2023-05-29,NA,NA,"TX","South","West South Central"
"415","Texas",855,0,1,1,0,0,0,0,0,0,0,0,0,0,0,0,0,0,0,0,"HB 708","Defeated","Dead",2023-05-29,NA,NA,"TX","South","West South Central"
"416","Texas",857,0,1,0,0,0,0,0,0,0,0,0,1,0,0,0,0,0,0,0,"SB 162","Defeated","Dead",2023-05-29,NA,NA,"TX","South","West South Central"
"417","Texas",859,1,1,0,0,0,0,0,0,0,0,0,0,0,0,0,0,0,0,0,"HB 631","Defeated","Dead",2023-05-29,NA,NA,"TX","South","West South Central"
"418","Texas",861,0,1,0,0,0,0,0,0,0,1,0,0,0,0,0,0,0,0,0,"HB 1532","Defeated","Dead",2023-05-29,NA,NA,"TX","South","West South Central"
"419","Texas",863,1,1,0,0,0,0,0,0,0,0,0,0,0,0,0,0,0,0,0,"HB 1541","Defeated","Dead",2023-05-29,NA,NA,"TX","South","West South Central"
"420","Texas",865,1,1,0,0,0,0,0,0,0,0,0,0,0,0,0,0,0,0,0,"HB 1155","Defeated","Dead",2023-05-29,NA,NA,"TX","South","West South Central"
"421","Texas",867,0,1,0,0,0,0,0,0,0,1,0,0,0,0,0,0,0,0,0,"HB 42","Defeated","Dead",2023-05-29,NA,NA,"TX","South","West South Central"
"422","Texas",869,0,1,0,0,0,0,0,0,0,1,0,0,0,0,0,0,0,0,0,"SB 250","Defeated","Dead",2023-05-29,NA,NA,"TX","South","West South Central"
"423","Texas",871,0,1,0,0,0,0,0,0,0,1,0,0,0,0,0,0,0,0,0,"HB 41","Defeated","Dead",2023-05-29,NA,NA,"TX","South","West South Central"
"424","Texas",873,0,1,0,0,0,0,0,0,0,1,0,0,0,0,0,0,0,0,0,"HB 122","Defeated","Dead",2023-05-29,NA,NA,"TX","South","West South Central"
"425","Texas",875,0,1,0,0,0,0,0,0,0,1,0,0,0,0,0,0,0,0,0,"SB 249","Defeated","Dead",2023-05-29,NA,NA,"TX","South","West South Central"
"426","Texas",877,0,1,0,0,0,0,0,0,0,1,0,0,0,0,0,0,0,0,0,"SB 625","Passed into Law","Companion bill SB 14 signed by Governor",2023-06-02,NA,NA,"TX","South","West South Central"
"427","Texas",879,1,1,0,0,0,0,0,0,0,0,0,0,0,0,0,0,0,0,0,"SB 649","Defeated","Dead",2023-05-29,NA,NA,"TX","South","West South Central"
"428","Texas",881,0,1,0,0,0,0,0,0,0,1,0,0,0,0,0,0,0,0,0,"HB 1686","Passed into Law","Companion bill SB 14 signed by Governor",2023-06-02,NA,NA,"TX","South","West South Central"
"429","Texas",883,0,1,0,0,0,0,0,0,0,1,0,0,0,0,0,0,0,0,0,"HB 1752","Defeated","Dead",2023-05-29,NA,NA,"TX","South","West South Central"
"430","Texas",885,0,1,0,0,0,0,0,0,0,0,0,1,0,0,0,0,0,0,0,"HB 1952","Defeated","Dead",2023-05-29,NA,NA,"TX","South","West South Central"
"431","Texas",887,0,1,0,0,0,0,0,0,0,1,0,0,0,0,0,0,0,0,0,"SB 1029","Defeated","Dead",2023-05-29,NA,NA,"TX","South","West South Central"
"432","Texas",889,0,0,0,1,0,0,0,0,0,0,0,1,0,0,0,0,0,0,0,"SB 1082","Defeated","Dead",2023-05-29,NA,NA,"TX","South","West South Central"
"433","Texas",891,0,1,0,1,0,0,0,0,0,0,0,0,0,0,0,0,0,0,0,"HB 3164","Defeated","Dead",2023-05-29,NA,NA,"TX","South","West South Central"
"434","Texas",893,0,1,0,1,0,0,0,0,0,0,0,0,0,0,0,0,0,0,0,"HB 2862","Defeated","Dead",2023-05-29,NA,NA,"TX","South","West South Central"
"435","Texas",895,0,1,0,1,0,0,0,0,0,0,0,0,0,0,0,0,0,0,0,"HB 3147","Defeated","Dead",2023-05-29,NA,NA,"TX","South","West South Central"
"436","Texas",897,0,1,0,1,0,0,0,0,0,0,0,0,0,0,0,0,0,0,0,"HB 3213","Defeated","Dead",2023-05-29,NA,NA,"TX","South","West South Central"
"437","Texas",899,0,1,0,1,0,0,0,0,0,0,0,0,0,0,0,0,0,0,0,"HB 3883","Defeated","Dead",2023-05-29,NA,NA,"TX","South","West South Central"
"438","Texas",901,0,1,0,1,0,0,0,0,0,0,0,0,0,0,0,0,0,0,0,"HB 3902","Defeated","Dead",2023-05-29,NA,NA,"TX","South","West South Central"
"439","Texas",903,0,1,0,0,0,0,0,0,0,1,0,0,0,0,0,0,0,0,0,"SB 14","Passed into Law","Governor signed",2023-06-02,"View case info"," IN COURT","TX","South","West South Central"
"440","Texas",907,0,1,1,0,0,0,0,0,0,0,0,0,0,0,0,0,0,0,0,"HB 4129","Defeated","Dead",2023-05-29,NA,NA,"TX","South","West South Central"
"441","Texas",909,0,1,0,0,0,0,0,0,0,1,0,0,0,0,0,0,0,0,0,"HB 4624","Defeated","Dead",2023-05-29,NA,NA,"TX","South","West South Central"
"442","Texas",911,1,1,0,0,0,0,0,0,0,0,0,0,0,0,0,0,0,0,0,"SB 15","Passed into Law","Governor signed",2023-06-18,NA,NA,"TX","South","West South Central"
"443","Texas",913,1,1,0,0,0,0,0,0,0,0,0,0,0,0,0,0,0,0,0,"HB 4534","Defeated","Dead",2023-05-29,NA,NA,"TX","South","West South Central"
"444","Texas",915,0,1,1,0,0,0,0,0,0,0,0,0,0,0,0,0,0,0,0,"HB 4378","Defeated","Dead",2023-05-29,NA,NA,"TX","South","West South Central"
"445","Texas",917,0,1,0,0,0,0,0,0,0,1,0,0,0,0,0,0,0,0,0,"HB 4754","Defeated","Dead",2023-05-29,NA,NA,"TX","South","West South Central"
"446","Texas",919,1,1,0,0,0,0,0,0,0,0,0,0,0,0,0,0,0,0,0,"SB 8","Defeated","Dead",2023-05-29,NA,NA,"TX","South","West South Central"
"447","Texas",921,1,0,0,1,0,0,0,0,0,0,0,0,0,0,0,0,0,0,0,"HB 5236","Defeated","Dead",2023-05-29,NA,NA,"TX","South","West South Central"
"448","Texas",923,1,1,0,0,0,0,0,0,0,0,0,0,0,0,0,0,0,0,0,"HB 4961","Defeated","Dead",2023-05-29,NA,NA,"TX","South","West South Central"
"449","Texas",925,0,1,0,0,0,0,0,0,1,0,0,0,0,0,0,0,0,0,0,"SB 2199","Defeated","Dead",2023-05-29,NA,NA,"TX","South","West South Central"
"450","Texas",927,0,1,0,1,0,0,0,0,0,0,0,0,0,0,0,0,0,0,0,"SB 17","Passed into Law","Governor signed",2023-06-17,NA,NA,"TX","South","West South Central"
"451","Texas",929,0,1,1,0,0,0,0,0,0,0,0,0,0,0,0,0,0,0,0,"SB 2281","Defeated","Dead",2023-05-29,NA,NA,"TX","South","West South Central"
"452","Texas",931,1,1,0,0,0,0,0,0,0,0,0,0,0,0,0,0,0,0,0,"HB 5256","Defeated","Dead",2023-05-29,NA,NA,"TX","South","West South Central"
"453","Texas",933,1,1,0,0,0,0,0,0,0,0,0,0,0,0,0,0,0,0,0,"HB 2722","Defeated","Dead",2023-05-29,NA,NA,"TX","South","West South Central"
"454","Texas",935,1,1,0,0,0,0,0,0,0,0,0,0,0,0,0,0,0,0,0,"HB 5261","Defeated","Dead",2023-05-29,NA,NA,"TX","South","West South Central"
"455","Texas",937,0,1,0,1,0,0,0,0,0,0,0,0,0,0,0,0,0,0,0,"HB 5127","Defeated","Dead",2023-05-29,NA,NA,"TX","South","West South Central"
"456","Texas",939,1,0,0,1,0,0,0,0,0,0,0,0,0,0,0,0,0,0,0,"HB 5235","Defeated","Dead",2023-05-29,NA,NA,"TX","South","West South Central"
"457","Texas",941,1,1,0,0,0,0,0,0,0,0,0,0,0,0,0,0,0,0,0,"SB 1443","Defeated","Dead",2023-05-29,NA,NA,"TX","South","West South Central"
"458","Texas",943,1,0,0,0,0,0,0,0,1,0,0,0,0,0,0,0,0,0,0,"HB 2659","Defeated","Dead",2023-05-29,NA,NA,"TX","South","West South Central"
"459","Texas",945,0,1,0,0,0,0,0,0,1,0,0,0,0,0,0,0,0,0,0,"HB 3082","Defeated","Dead",2023-05-29,NA,NA,"TX","South","West South Central"
"460","Texas",947,0,1,1,0,0,0,0,0,0,0,0,0,0,0,0,0,0,0,0,"SB 1601","Defeated","Dead",2023-05-29,NA,NA,"TX","South","West South Central"
"461","Texas",949,0,1,1,0,0,0,0,0,0,0,0,0,0,0,0,0,0,0,0,"SB 12","Passed into Law","Governor signed",2023-06-18,"View case info"," IN COURT","TX","South","West South Central"
"462","Texas",953,1,1,0,0,0,0,0,0,0,0,0,0,0,0,0,0,0,0,0,"SB 77","Introduced","10/27/23",NA,NA,NA,"TX","South","West South Central"
"463","Utah",955,0,1,0,0,0,0,0,0,0,0,0,1,0,0,0,0,0,0,0,"SB 93","Passed into Law","Governor signed",2023-03-23,NA,NA,"UT","West","Mountain"
"464","Utah",957,1,1,0,0,0,0,0,0,0,0,0,0,0,0,0,0,0,0,0,"SB 100","Passed into Law","Governor signed",2023-02-16,NA,NA,"UT","West","Mountain"
"465","Utah",959,0,1,0,0,0,0,0,0,0,1,0,0,0,0,0,0,0,0,0,"SB 16","Passed into Law","Governor signed",2023-01-28,NA,NA,"UT","West","Mountain"
"466","Utah",961,0,1,0,0,0,0,0,0,0,1,0,0,0,0,0,0,0,0,0,"HB 132","Defeated","House filed",2023-03-03,NA,NA,"UT","West","Mountain"
"467","Utah",963,1,1,0,0,0,0,0,0,0,0,0,0,0,0,0,0,0,0,0,"HB 464","Defeated","House filed",2023-03-03,NA,NA,"UT","West","Mountain"
"468","Utah",965,1,1,0,0,0,0,0,0,0,0,0,0,0,0,0,0,0,0,0,"HB 463","Defeated","Passed House; passed Senate; referred to House file",2023-03-03,NA,NA,"UT","West","Mountain"
"469","Utah",967,1,1,0,0,0,0,0,0,0,0,0,0,0,0,0,0,0,0,0,"HB 209","Passed into Law","Governor signed",2023-03-17,NA,NA,"UT","West","Mountain"
"470","Utah",969,0,1,0,0,0,0,0,0,0,0,0,1,0,0,0,0,0,0,0,"SB 39","Passed into Law","Governor signed",2023-03-15,NA,NA,"UT","West","Mountain"
"471","Utah",971,0,1,0,1,0,0,0,0,0,0,0,0,0,0,0,0,0,0,0,"SB 97","Passed into Law","Governor signed",2023-03-14,NA,NA,"UT","West","Mountain"
"472","Vermont",973,0,1,0,0,1,0,0,0,0,0,0,0,0,0,0,0,0,0,0,"H 513","Advancing","First read and referred to committee",2023-04-07,NA,NA,"VT","Northeast","New England"
"473","Vermont",975,0,1,0,0,0,0,0,0,0,0,0,0,0,0,1,0,0,0,0,"H 183","Advancing","First read and referred to committee",2023-03-07,NA,NA,"VT","Northeast","New England"
"474","Virginia",977,1,0,0,0,0,0,0,0,0,1,0,0,0,0,0,0,0,0,0,"HB 2432","Defeated","Passed House; passed by indefinitely by Senate committee",2023-02-16,NA,NA,"VA","South","South Atlantic"
"475","Virginia",979,1,1,0,0,0,0,0,0,0,0,0,0,0,0,0,0,0,0,0,"SB 1186","Defeated","Passed by indefinitely by committee",2023-02-02,NA,NA,"VA","South","South Atlantic"
"476","Virginia",981,1,1,0,0,0,0,0,0,0,0,0,0,0,0,0,0,0,0,0,"HB 1387","Defeated","Passed House; passed by indefinitely by Senate committee",2023-02-16,NA,NA,"VA","South","South Atlantic"
"477","Virginia",983,1,1,0,0,0,0,0,0,0,0,0,0,0,0,0,0,0,0,0,"HB 1434","Defeated","Subcommittee recommends laying on table",2023-01-25,NA,NA,"VA","South","South Atlantic"
"478","Virginia",985,1,1,0,0,0,0,0,0,0,0,0,0,0,0,0,0,0,0,0,"HB 2170","Defeated","Subcommittee recommends laying on table",2023-01-27,NA,NA,"VA","South","South Atlantic"
"479","Virginia",987,1,1,0,0,0,0,0,0,0,0,0,0,0,0,0,0,0,0,0,"HB 1399","Defeated","Assigned to subcommittee",2023-01-20,NA,NA,"VA","South","South Atlantic"
"480","Virginia",989,1,1,0,0,0,0,0,0,0,0,0,0,0,0,0,0,0,0,0,"SB 962","Defeated","Passed by indefinitely by committee",2023-02-02,NA,NA,"VA","South","South Atlantic"
"481","Virginia",991,1,1,0,0,0,0,0,0,0,0,0,0,0,0,0,0,0,0,0,"SB 911","Defeated","Incorporated into SB 1186",2023-02-02,NA,NA,"VA","South","South Atlantic"
"482","Virginia",993,1,1,0,0,0,0,0,0,0,0,0,0,0,0,0,0,0,0,0,"HB 1707","Defeated","Incorporated by committee into HB 2432",2023-02-03,NA,NA,"VA","South","South Atlantic"
"483","Virginia",995,0,1,0,0,0,0,0,0,0,1,0,0,0,0,0,0,0,0,0,"SB 1203","Defeated","Incorporated by committee into SB 791",2023-02-02,NA,NA,"VA","South","South Atlantic"
"484","Virginia",997,1,0,0,0,0,0,0,0,1,1,0,0,0,0,0,0,0,0,0,"SB 960","Defeated","Passed by indefinitely by committee",2023-02-02,NA,NA,"VA","South","South Atlantic"
"485","Virginia",1000,0,1,0,0,0,0,0,0,0,1,0,0,0,0,0,0,0,0,0,"SB 791","Defeated","Passed by indefinitely by committee",2023-02-02,NA,NA,"VA","South","South Atlantic"
"486","Washington",1002,0,0,0,0,0,1,0,0,0,0,0,0,1,0,0,0,0,0,0,"SB 5653","Advancing","Referred to committee",2024-01-08,NA,NA,"WA","West","Pacific"
"487","Washington",1004,0,1,0,1,0,0,0,0,0,0,0,0,0,0,0,0,0,0,0,"HB 1233","Advancing","Referred to committee",2024-01-08,NA,NA,"WA","West","Pacific"
"488","West Virginia",1006,0,1,0,0,0,0,0,0,0,1,0,0,0,0,0,0,0,0,0,"HB 2007","Passed into Law","Governor signed",2023-03-29,NA,NA,"WV","South","South Atlantic"
"489","West Virginia",1008,0,1,0,0,0,0,0,0,1,0,0,0,0,0,0,0,0,0,0,"HB 3042","Passed into Law","Governor signed",2023-03-09,NA,NA,"WV","South","South Atlantic"
"490","West Virginia",1010,0,0,0,0,0,0,0,0,0,0,0,0,1,1,0,0,0,0,0,"SB 692","Advancing","Referred to committee",2023-02-20,NA,NA,"WV","South","South Atlantic"
"491","West Virginia",1012,0,0,0,0,0,0,0,0,0,0,0,0,0,1,0,0,0,1,0,"SB 697","Advancing","Referred to committee",2023-02-20,NA,NA,"WV","South","South Atlantic"
"492","West Virginia",1014,0,1,0,1,0,0,0,0,0,0,0,0,0,0,0,0,0,0,0,"HB 3503","Advancing","Referred to committee",2023-02-14,NA,NA,"WV","South","South Atlantic"
"493","West Virginia",1016,0,0,0,0,0,0,1,0,0,0,0,0,0,0,0,0,1,0,0,"HB 3176","Advancing","Referred to committee",2023-01-31,NA,NA,"WV","South","South Atlantic"
"494","West Virginia",1018,0,0,0,1,0,0,1,0,0,0,0,0,0,1,0,0,0,0,0,"HB 3183","Advancing","Referred to committee",2023-01-31,NA,NA,"WV","South","South Atlantic"
"495","West Virginia",1021,0,1,0,0,0,0,0,0,0,0,0,0,0,0,1,0,0,0,0,"SB 517","Advancing","Referred to committee",2023-01-30,NA,NA,"WV","South","South Atlantic"
"496","West Virginia",1023,0,0,0,0,0,0,0,0,0,1,0,0,0,1,0,0,0,1,0,"HB 3097","Advancing","Referred to committee",2023-01-27,NA,NA,"WV","South","South Atlantic"
"497","West Virginia",1026,0,1,0,0,0,0,1,0,0,0,0,0,0,0,0,0,0,0,0,"HB 3001","Advancing","Referred to committee",2023-01-24,NA,NA,"WV","South","South Atlantic"
"498","West Virginia",1028,0,1,0,0,0,0,0,0,0,0,0,0,0,0,0,0,1,0,0,"SB 253","Advancing","Referred to committee",2023-01-17,NA,NA,"WV","South","South Atlantic"
"499","West Virginia",1030,0,1,0,0,0,0,0,0,0,0,0,0,0,0,0,0,1,0,0,"SB 103","Advancing","Referred to committee",2023-01-11,NA,NA,"WV","South","South Atlantic"
"500","Wisconsin",1032,0,0,0,0,0,0,0,0,0,1,0,0,0,0,0,0,0,0,0,"AB 465","Advancing",NA,NA,NA,NA,"WI","Midwest","East North Central"
"501","Wisconsin",1033,0,1,0,0,0,0,0,0,0,0,0,0,0,0,0,0,0,0,0,"i","Passed Assembly and Senate, 10/18/2023",NA,NA,NA,NA,"WI","Midwest","East North Central"
"502","Wisconsin",1034,0,1,0,0,1,0,0,0,0,0,0,0,0,0,0,0,0,0,0,"SB 377","Introduced","Carried over",2024-01-16,NA,NA,"WI","Midwest","East North Central"
"503","Wisconsin",1036,0,1,0,0,1,0,0,0,0,0,0,0,0,0,0,0,0,0,0,"AB 378","Advancing","Assembly passed; Senate public hearing",2023-12-13,NA,NA,"WI","Midwest","East North Central"
"504","Wisconsin",1038,0,1,0,0,1,0,0,0,0,0,0,0,0,0,0,0,0,0,0,"SB 378","Advancing","First read and referred to committee",2023-12-13,NA,NA,"WI","Midwest","East North Central"
"505","Wisconsin",1040,0,1,0,0,0,0,0,0,0,0,0,0,0,0,0,0,0,0,1,"AB 729","Advancing","First read and referred to committee",2023-12-06,NA,NA,"WI","Midwest","East North Central"
"506","Wisconsin",1042,0,1,0,0,0,0,0,0,0,0,0,0,0,0,0,0,0,0,1,"SB 704","Introduced","Carried over",2024-01-16,NA,NA,"WI","Midwest","East North Central"
"507","Wisconsin",1044,0,1,0,0,0,0,0,0,0,0,0,0,0,1,0,0,0,0,0,"SB 480","Advancing","Reported out of committee",2023-10-13,NA,NA,"WI","Midwest","East North Central"
"508","Wisconsin",1046,0,0,0,0,0,1,1,0,0,0,0,0,0,0,0,0,0,0,0,"AB 510","Advancing","Public hearing",2023-11-08,NA,NA,"WI","Midwest","East North Central"
"509","Wisconsin",1048,0,1,0,1,0,0,0,0,0,0,0,0,0,0,0,0,0,0,0,"SB 438","Advancing","Public hearing",2023-11-02,NA,NA,"WI","Midwest","East North Central"
"510","Wisconsin",1050,0,1,0,0,0,0,0,0,0,0,0,0,0,0,0,0,0,0,1,"AB 609","Advancing","First read and referred to committee",2023-10-31,NA,NA,"WI","Midwest","East North Central"
"511","Wisconsin",1052,0,1,0,1,0,0,0,0,0,0,0,0,0,0,0,0,0,0,0,"AB 447","Introduced","Carried over",2024-01-16,NA,NA,"WI","Midwest","East North Central"
"512","Wisconsin",1054,0,0,0,0,0,0,0,0,0,0,0,0,0,1,0,0,0,0,1,"AB 502","Advancing","First read and referred to committee",2023-10-18,NA,NA,"WI","Midwest","East North Central"
"513","Wisconsin",1056,0,0,0,0,0,1,1,0,0,0,0,0,0,0,0,0,0,0,0,"SB 489","Advancing","First read and referred to committee",2023-10-16,NA,NA,"WI","Midwest","East North Central"
"514","Wisconsin",1058,0,1,0,0,0,0,0,0,0,0,0,0,0,0,0,0,0,0,1,"SB 479","Introduced","Carried over",2024-01-16,NA,NA,"WI","Midwest","East North Central"
"515","Wisconsin",1060,0,0,0,1,1,0,0,0,0,0,0,0,0,0,0,0,0,0,0,"AB 377","Advancing","Assembly passed; Senate public hearing",2023-12-13,NA,NA,"WI","Midwest","East North Central"
"516","Wyoming",1062,1,1,0,0,0,0,0,0,0,0,0,0,0,0,0,0,0,0,0,"HB 187","Defeated","Did not consider for introduction",2023-01-31,NA,NA,"WY","West","Mountain"
"517","Wyoming",1064,0,1,0,0,0,0,0,0,0,1,0,0,0,0,0,0,0,0,0,"SF 111","Defeated","Passed Senate; House did not consider for introduction",2023-02-24,NA,NA,"WY","West","Mountain"
"518","Wyoming",1066,1,1,0,0,0,0,0,0,0,0,0,0,0,0,0,0,0,0,0,"SF 117","Defeated","Passed Senate; House did not consider for introduction",2023-02-24,NA,NA,"WY","West","Mountain"
"519","Wyoming",1068,0,1,0,0,0,0,0,0,1,0,0,0,0,0,0,0,0,0,0,"HB 262","Defeated","Died in committee",2023-02-07,NA,NA,"WY","West","Mountain"
"520","Wyoming",1070,1,1,0,0,0,0,0,0,0,0,0,0,0,0,0,0,0,0,0,"SF 133","Passed into Law","Became act without Governor’s signature",2023-03-17,NA,NA,"WY","West","Mountain"
"521","Wyoming",1072,0,1,0,0,0,0,0,0,0,1,0,0,0,0,0,0,0,0,0,"SF 144","Defeated","Passed Senate; House Committee of the Whole did not consider",2023-02-27,NA,NA,"WY","West","Mountain"
